,Column1,w,Topic,Name,annotated_stance
79,129749,It really is not.   There is also a difference between naturally passing away and intentionally killing someone.  I mean again Planned parenthood used to say it too. Is that not evidence enough?,0,0_abortion_abortions_fetus_pregnancy,against
16,178633,The metaphor would actually be if they tripped and broke their legs and couldn‚Äôt leave them you walked up and shot them in the face for trespassing. Obviously that‚Äôs not ok.   Like I said you can forcibly remove someone because they have other options to leave and still stay alive. The fetus does not.,0,0_abortion_abortions_fetus_pregnancy,against
130,286374,"Yeah, their arguments are silly to say the least. It's ironic how they make it all about ""woman's freedom and right to choose"", yet abortion results in killing millions of female babies who had their rights and ability to choose stripped away from them.",0,0_abortion_abortions_fetus_pregnancy,against
31,15978,"Some would say the same about the opposite side :). Truth is there are plenty of pro-life people, the fact that they aren‚Äôt as vocal and effective doesn‚Äôt mean they don‚Äôt exist and honestly their argument is more logically sound than the one you and I have‚Ä¶",0,0_abortion_abortions_fetus_pregnancy,against
196,39762,"Nationally, the abortions didn't go down.   Conservatives did fight against a 10 year rape victim getting an abortion and refused the abortion for a woman who has a dead fetus inside if her, so there's your accomplishments.",0,0_abortion_abortions_fetus_pregnancy,for
96,37661," \- ok, you are free to end this discussion then.   &amp;#x200B;   \- what support for abortion bans are you talking about? commenting on this sub?   &amp;#x200B;   \- To clarify though, forcing a mother to undergo a low-risk pregnancy is not to ""benefit"" another but rather to prevent her from killing another human.   &amp;#x200B;   \- I don't follow. The draft doesn't make men do anything to avoid the killing of another. The draft puts them in a position to kill others.   &amp;#x200B;   \- As above, I have no idea how this is similar to abortion. No one is telling anyone they cannot kill another else in that example. You seem to be really reaching here.",0,0_abortion_abortions_fetus_pregnancy,against
139,288137,"100% how I feel about it. I don‚Äôt consider an unborn fetus the same way that I consider a born human, but it‚Äôs still killing a human at some developmental stage, which I‚Äôm totally comfortable with. Other issues at play for sure",0,0_abortion_abortions_fetus_pregnancy,for
115,214387,"While not anti abortion at all myself, what is it exactly that you don‚Äôt understand?   The anti abortion views that I have most commonly seen are that the fetus is a person, as in has personhood, and moral value. That the fetus is a person just as it will be once born. There are different ways they come to that conclusion be it religious belief or from some other philosophical beliefs. Such beliefs need to treat the fetus in the same regard as to all people.   It‚Äôs sort of like vegans that believe that no nonhuman animals should be killed. It‚Äôs a matter of beliefs, philosophy, and what an individual considers to be a person or have inherent moral value.",0,0_abortion_abortions_fetus_pregnancy,for
187,166709,Ive never thought about the abortion comparison...but thats a really good analogy,0,0_abortion_abortions_fetus_pregnancy,neutral
27,59543,"u/BiryaniEater10, yes, this \^.  I would only reiterate that it is incontrovertible that the life of a human being is taken by abortion. The unborn is undoubtedly human and it is alive.   (If it were not alive, it's not considered an abortion to empty her uterus via drugs or any medical procedure.)",0,0_abortion_abortions_fetus_pregnancy,neutral
180,129603, I somewhat agree with this. There are definitely abortion advocates that want abortion all the way up until 9 months for whatever reason. There are people that I'm arguing with here in this discussion that support abortion all the way up until 9 months.    I don't really understand this argument. Because animals can kill there children we should be allowed to do it too?,0,0_abortion_abortions_fetus_pregnancy,against
65,118054," I suspect you mean subjective when you write arbitrary. Any criteria is subjective. Regarding your last point, if your understanding of the difference between gestation and the intrauterine versus extrauterine environment is a difference of ‚Äúplace of residence‚Äù I strongly recommend learning more about these topics before trying to tackle abortion.",0,0_abortion_abortions_fetus_pregnancy,neutral
56,80299," That is fine.   This doesn't hold true to current laws at the moment even disregarding this topic but ok. I'll keep it in mind.   Yep.   Hmm. This seems to ignore realistic thingd but ok.  Just for an example if two rights to life conflict then it becomes a complex issue as they can't both survive.   But in some situations you forfeit rights (or possibly it isn't a factor). Like in the above example.     This is irrelevant at this point as the first thing was only to say it is something you can guarantee against besides abstinence. Which was the only point. As some say you can.     True and also irrelevant. As of now it is not safe. Hopefully it will be in the future. But that is not guaranteed and not the case currently.  Note there are plenty of dangers besides death.  This would be like saying it is ok to push someone off a cliff that has a 50% survival rate since it'll be 100% safe in the future.     You acknowledged the issue at the end. Most of this is comparable to the requirement that parents must care for their child and neglect is punishable. But the difference is that when talking about pregnancy it isn't purchasing or sharing food. It is giving another access to yourself for an indeterminate amount of time. And without seeing the future it can have life threatening complications.  This would be like the stowaway having a right to cut off and eat body parts of yours should you not have enough food to share.     Being human isn't what matters. Should we eventually evolve or develop into significantly different species those people wouldn't lose rights.  Being alive is not the important part as we question the potential of AI beings being rights and they may not be considered alive if they can't satisfy the criteria. A vegetative human is still technically alive but they lose their rights.  While we could discuss both neurologically and philosophically the points you made fundamentally the reason why people have rights isn't because of an arbitrary generic structure or our classifications of life. It is because it the many things we are capable of. Thinking. Feeling. Ect.  So no it isn't just being human and alive. At least I don't think so. If you do why is human a really important thing.     I'll agree we don't have any guarantees. But that is all the more reason why you shouldn't force a person to maybe the choice to carry to term unless they are willing to do all they can do to care for the born individual.  The developing embryo has no thoughts or cares. Just like all the other embryos that get naturally miscarried, and gamete. These all didn't develope to the stage of thought. Which is what the minimal would be and why we consider human life valuable  Killing something isn't immoral. We can talk about self defense. We can talk about eating. In this case. An embryo of a human was killed (neglected is a bit more accurate but kill is sufficient). This embryo doesn't have a person's value added just because to gamete met. The value arises from something more than that. Human cells aren't important as our skin cells peel off daily and nobody sheds a tear. Those cells were living as well. Even individual brain cells aren't of value of the person.  By your last bit. The best time to have a child should be all the time. Every time a woman ovulate or a man ejaculated all those combination of kids are gone.   I'm not seeing it yet. You are right that our laws are also to protect the helpless. But they protect people for the reasons we value people. We don't protect biologically human and alive things that don't have the important aspects of why we give people rights.  I'll only note that convenience is mainly a factor in what laws can be made. I could make a law protecting the feelings of everyone but it is implausible to carry out so a law like that won't be made.  Edit: If you like we don't have to address everything all at once and can go to specific parts.",0,0_abortion_abortions_fetus_pregnancy,for
33,229256,"So you're saying the people would elect the president. I'm good with this, didn't the red team just ban abortion in their states so they could get their numbers up? They should have no problem getting a quiverful to beat the libs.  Unless of course red team leadership can't sustain big populations like blue leadership can, and that's the reason they have such drastically smaller populations in their states.",0,0_abortion_abortions_fetus_pregnancy,for
191,135289,Your lack of enthusiasm for preventing or punishing those who would be responsible for the vast majority of illegal abortions is really confusing to me. Like yeah it would be difficult but if it is on the level with murder then that's not really an excuse? Like if I gave the police a recording of someone confessing to a murder then I would expect it to be thoroughly investigated.  If you are so uninterested in enforcing bans then why bother banning in the first place? It clearly isn't a serious crime to you.,0,0_abortion_abortions_fetus_pregnancy,against
150,24722," What about the child? Does it have no rights? It is only there due to your selfish actions and should not be killed because you do not want it there.   Unless you are raped, which accounts for less than 1% of abortions, the child is there entirely because of you.  You should not have the right to kill others, especially when they are there due to your actions.",0,0_abortion_abortions_fetus_pregnancy,against
30,99972,I‚Äôm not talking about the people who are reachable with the right messaging. I‚Äôm talking about the pro life dead enders whose mission in life is to eradicate all abortions. They can go fuck themselves.,0,0_abortion_abortions_fetus_pregnancy,against
149,241370,Citation needed that abortion is torturing a fetus,0,0_abortion_abortions_fetus_pregnancy,neutral
5,113791,"Just wanted to say that I 100 percent agree with you. All of your arguments were excellently made, and I appreciate you providing some of the links you did. This way, I can use them myself in future arguments.   I find it hard to believe that others can't grasp that a fetus is a baby. I mean, the word is literally the latin word for baby.   You even provided links that prove all of this, and you were ignored.   Just wanted you to know that your time wasn't wasted, and I hope others read your arguments and are convinced.",0,0_abortion_abortions_fetus_pregnancy,for
121,175985,"Well, this page says otherwise, but last update was July 2022.  https://www.kff.org/womens-health-policy/state-indicator/gestational-limit-abortions/?currentTimeframe=0&amp;sortModel=%7B%22colId%22:%22Location%22,%22sort%22:%22asc%22%7D  Sounds like Kansas is going the European route of Malta, Poland, Liechtenstein, and Andorra.   The greater point still stands.",0,0_abortion_abortions_fetus_pregnancy,neutral
72,92534,Yeah lol like how do you think that Hershel walker and anti abortion donors discussion went after the abortion claims went out from his ex. GOP decided at some point that using celebrity candidates was the way to go over sticking to some candidates with fundamental morals and values.,0,0_abortion_abortions_fetus_pregnancy,neutral
194,264343,Yes but if her decision to stop the pregnancy results in repercussions that‚Äôs not having bodily autonomy.  If a woman has an abortion and goes to jail not for the abortion but for killing a viable unborn child you would say that‚Äôs a violation of bodily autonomy wouldn‚Äôt you?,0,0_abortion_abortions_fetus_pregnancy,against
102,123667,‚ÄòAbortion‚Äô does not only apply to D&amp;Es you disagree with,0,0_abortion_abortions_fetus_pregnancy,neutral
111,85485,I agree with this 100%. At the end of the day I fall on the side of full body autonomy and abortion.  I love the Bill Burr bit where he says he supports the right to choose but you‚Äôre still killing a baby. These GD pro choice fanatics have a collapse of seriousness about what‚Äôs happening with a mere ‚Äúclump of cells‚Äù.  If you are a pro-choicer just be an adult and own it. The woman‚Äôs body autonomy is more important than the baby and a baby dies. But they don‚Äôt want to say that because it‚Äôs kind of dehumanizing. So they twist themselves in knots to do everything possible to avoid humanizing the abortion. It‚Äôs hard to take them seriously when they do that.,0,0_abortion_abortions_fetus_pregnancy,for
114,83830,I agree it‚Äôs not ‚Äúmen‚Äù who govern abortion laws.  There are many pro-choice men and many pro-life women.      My point however  isn‚Äôt about whether there should be restrictions on abortions.  My point is laws should be enforced and not have loopholes that make it easy for people to bypass the rule of law.,0,0_abortion_abortions_fetus_pregnancy,neutral
67,226802,I want them to round it so that male masturbation is an abortion so at least these evangelical men can make their own lives hell,0,0_abortion_abortions_fetus_pregnancy,neutral
26,136871,"I‚Äôm in favor of all abortions, you misunderstand. I don‚Äôt want any legal restrictions on abortions.",0,0_abortion_abortions_fetus_pregnancy,for
37,104794,"what kind of response are you hoping to get from this kind of comment lol? ""you've got me, I'm a lying liar who lies, your point that pl secretly thinks abortion is bad and abortion restrictions are good exposes me utterly and I gnash my teeth in bitter regret for ever believing something so shameful""  how about we debate instead?",0,0_abortion_abortions_fetus_pregnancy,for
147,81716,States with banned abortion are going to have crime waves and brain drain like crazy. I'd never live in a shithole with banned abortion.,0,0_abortion_abortions_fetus_pregnancy,for
195,182077,"Your argument is that they‚Äôre not responsible for the organs but they‚Äôd still be partially responsible for the death. But you‚Äôre saying since abortions not a crime, which is only partially true at the moment, then they wouldn‚Äôt face the repurcussions legally. That has nothing to do with bodily autonomy and everything to do with if the fetus can be considered another human being or not to be legally responsible for its death",0,0_abortion_abortions_fetus_pregnancy,against
51,79777,"idc either way because i don't think abortions should be regulated by the government, but thanks for the sources that aren't blatantly being pushed by a religious cult at first glance. i'll check them out when i get time",0,0_abortion_abortions_fetus_pregnancy,for
173,155403,"I‚Äôm not an absolutist. I don‚Äôt think the car accident scenario has to be thought of the same way as abortion.   You‚Äôre not required to donate your organs because of a ton of factors. I‚Äôve already explained that part of it. If that person dies you‚Äôre gonna be charged still though and face repercussions. It‚Äôs just a completely different scenario than abortion I don‚Äôt see how it‚Äôs comparable.   It doesn‚Äôt apply to pregnant women because sex=pregnancy. That‚Äôs it. That‚Äôs what sex is for on a basic level. We have sex for fun sure but we know the risk. And that risk is a chance we take. And remember I‚Äôm arguing for the idea that you SHOULD have a chance in early term to abort just not after a certain period of time. But not based on body autonomy, based on this life isn‚Äôt even a life yet. I think body autonomy is irrelevant in this situation. I‚Äôm not gonna be an absolutist for body autonomy and say that every scenario should be the same. I think you chose to do something with the risk of bringing a child into the world and you should take responsibility for it. If you can‚Äôt abort it when it‚Äôs not formed then you should take responsibility for that now formed child just as you would if it was outside of the womb.   I‚Äôm not gonna sit here and try to say that you getting hurt in a car accident should be applied the same way as abortion. It‚Äôs hurting my head even trying to compare the two.  I think early term abortion you can compare and same with medical problems in pregnancies because yes you should have access to basic healthcare. But having late term abortions, there‚Äôs now a developed child involved that has to be taken into consideration and the abortion isn‚Äôt required. If a doctor has to pop your arm back in place after an accident there‚Äôs really no downside to that. With an abortion you‚Äôre aborting a whole child",0,0_abortion_abortions_fetus_pregnancy,against
24,87694,"It's not gatekeep and we didn't speak about only abortion here. I think a pro lifer should wish that child the best - how can a pro lifer truly wish an abusive parent to an innocent child? Otherwise why is somebody a pro lifer, if  that person doesn't wish a good life and loving parents? Most pro life people (in my life every) are pro adoption / foster family.",0,0_abortion_abortions_fetus_pregnancy,neutral
14,123970,"If you check out the live action website and some others that maybe have thought about the terminology more than most redditors it seems the recognize the issue is with the definition of abortion. It's wide. So wide it could even be seen as to describe every single birth ever taken place or narrower to at least describe induced labor that completely intends and expects to have a healthy birth. Like all C sections too.   So they sort of say ""no exceptions"" but they also don't see the removal of ectopic embryos, uterine surgeries that will probably kill the embryo, and the few other happenings as not really what people think of as abortions. They are dealing with pathogens, and disorders, not the organism itself in gestation.",0,0_abortion_abortions_fetus_pregnancy,against
88,112318," So which is applicable to abortion?   Let's say the woman taking the illegal pill is also an OBGYN or has a masters in embryology or whatever. Should she be charged differently than a random woman who just has a standard understanding of the effects of pregnancy and the stages of development?   And what about a woman who has been pregnant before and so has a very good and detailed understanding of the effects of pregnancy and birth on her body, the stages of human development and the positives and negatives of parenting?",0,0_abortion_abortions_fetus_pregnancy,neutral
53,249224,"Considering there have been abortion clinic bombings and murders, I don't know if you want to give them ideas!  Beau of the Fifth Column on YouTube made the same point, but in a way that is less likely to accidentally result in an innocent person dying.  ""Say I were holding a jar of 1000 embryos and a 2 year old named Billy off a cliff and you could only save one of them. I'm not going to ask which you'd pick, because I already know that the only delimma in you'd face is where to take Billy to get ice cream on the drive home.""",0,0_abortion_abortions_fetus_pregnancy,for
82,220650,Do you support a national ban on abortion?,0,0_abortion_abortions_fetus_pregnancy,neutral
137,279488,"By controlling what history is taught in school.  They'll forbid teaching anything about abortion, or even mentioning it in a school.",0,0_abortion_abortions_fetus_pregnancy,for
140,46185,He proselytizes on this sub and gets mad when people don‚Äôt like it.  https://reddit.com/r/Abortiondebate/comments/zpz4mq/_/j0wbbro/?context=1  https://reddit.com/r/Abortiondebate/comments/zhcpff/_/izqeapl/?context=1  https://reddit.com/r/Abortiondebate/comments/z0uifa/_/ix8ftxd/?context=1  His complaining about anti-catholic bigotry is bullshit lol.  Edit: And he expresses his own bigotry: https://reddit.com/r/Abortiondebate/comments/z1yfbw/_/ixewynx/?context=1,0,0_abortion_abortions_fetus_pregnancy,neutral
0,146306,"There is no abortion ban. Abortions would be legal, assuming the abortion rate went down dramatically. The heart of PL is not an abortion ban as much as no abortions happening. An abortion ban seems like the most feasible path. But what if it isn't? What if paying women to raise their own children is a more feasible path to very few abortions? The women have more reproductive choices, including one with a big payday. And society is a winner too.",0,0_abortion_abortions_fetus_pregnancy,for
172,28950," You realize the anti-choice movement calling themselves ‚Äúpro-life‚Äù is also divisive? It implies only one side cares about ‚Äúlife‚Äù, and paints the pro-choice movement as being ‚Äúanti-life‚Äù. Not at all surprised that‚Äôs lost on you. You sit here and accuse the phrase anti-choice as being divisive yet won‚Äôt acknowledge pro-life is also divisive.  And lol reading assignments. It‚Äôs not my fault you‚Äôre either unwilling or incapable of reading a couple paragraphs. Follow your own advice and *be better*",0,0_abortion_abortions_fetus_pregnancy,for
198,267599,"To be honest - this is where my problem lies. If the doctor says the fetus has a 20% chance at life and 80% chance of harming the mother - who gets to decide if that is enough to warrant a choice to abort. I would rather let the patient and doctor decide rather than have someone outside the situation judge them for it and telling them they think the risk has to rise as high as 90%, etc.  There is never going to be a case where outcomes can be predicted and quantified as you explained. It just doesn't work like that. One doctor may interpret the same results one way and another doctor another way based on experience. (technically this shouldn't be a problem, but I've seen this and this thing in my experience that the text books don't cover) Then you've also go the problem of lawyers trying to cover the hospital's bases and urging caution, so there's yet another factor to weigh in that is not the health and well-being of mother and/or child.",0,0_abortion_abortions_fetus_pregnancy,for
161,145541,"Making an ""exception for the life of the mother"" is still making an exception. Abortion exceptions exist one reason to keep abortion legal and on demand. Besides there is mountains of evidence to conclude that purposefully unaliving the baby to save the mothers life is a myth.   ‚ÄúAs experienced practitioners and researchers in obstetrics and gynaecology, we affirm that direct abortion ‚Äì the purposeful destruction of the unborn child ‚Äì is not medically necessary to save the life of a woman.We uphold that there is a fundamental difference between abortion, and necessary medical treatments that are carried out to save the life of the mother, even if such treatment results in the loss of life of her unborn child.We confirm that the prohibition of abortion does not affect, in any way, the availability of optimal care to pregnant women.‚Äù  https://www.dublindeclaration.com/",0,0_abortion_abortions_fetus_pregnancy,against
83,38261,"Cool, don‚Äôt know who that is, nor do I care.   I oppose abortion, therefore I am pro-life. Stop trying to define a movement you aren‚Äôt apart of.   Thanks.",0,0_abortion_abortions_fetus_pregnancy,against
13,23039," Imagine thinking pro-lifers are against eating meat.    There's no hypocrisy here. The death penalty is reserved for rapists and murderers, i.e. people who have violated the life and bodiy rights of others. Being pro death penalty is rational for anyone who respects the sanctity of life. To argue otherwise, is fundamentally to argue against the right to self defense.    What social programs are being cut, leftoid?   You're 0 for 2 on well-reasoned arguments and now you're 0 for 2 on decent insults. Be better, bro.",0,0_abortion_abortions_fetus_pregnancy,against
104,207118,The freedom to commit infanticide is definitely not an equal opinion to the freedom to be born and have a chance at life. Definitely with you on that.,0,0_abortion_abortions_fetus_pregnancy,against
184,75352," In a case where it's not the goal, such as cancer where chemo-therapy  is required before birth or the mother will die, then it could be an unfortunate side-effect.  That is a different case, depending on specifics.     But it shouldn't be able to be used as a loop-hole trojan horse to allow abortion on demand to hide inside where anyone can simply claim they have a medical concern and be allowed to abort.  Around 88% of abortions have no medical or pregnancy basis whatsoever, according to their own word.  They simply do not want or cannot afford a child.         Also, we have no idea how many voluntary abortions are chosen each year by pregnant patients who almost died carrying their last child and don't want to risk another pregnancy, or who have a family history of pregnancy deaths and don't want to risk being one themselves, etc, etc. Life-of-the-mother stats only cover near-death abortions, not medical abortions that are precautionary-but-warranted.     Stats are a tricky thing sometimes... there are plenty of factors the other way as well... deaths caused by abortion are counted as maternal deaths as well, plus other cases where the pregnancy wasn't really the cause of death.     Regardless, it doesn't justify abortion on demand.",0,0_abortion_abortions_fetus_pregnancy,against
59,45359,"‚ÄúA female MMA/martial artist is pregnant. Gets in the ring and spars. Later finds out miscarried as a result of her match. Did her opponent/sparring partner commit murder?‚Äù  That‚Äôs an interesting question, in your opinion, which party (if any) is in the wrong?",0,0_abortion_abortions_fetus_pregnancy,neutral
181,281746,"This is the US. He will simply say something like ‚Äúwhile I believe we need a full, Federal ban on abortion I do not support the death penalty for every woman who receives and abortion‚Äù and the media will fall all over themselves to talk about how he‚Äôs the moderating force the GOP and America need right now.",0,0_abortion_abortions_fetus_pregnancy,neutral
95,93195,So then you support the access to abortion? Children having gender affirming procedures? Drag Story Time? Gay marriage?,0,0_abortion_abortions_fetus_pregnancy,neutral
50,266478,We ask juries to decide on medical murder and malpractice cases all the time. They get the testimony of experts and other witnesses. I don‚Äôt see how deciding late term abortion cases would be any different. The threshold should be the same as in any other murder case: beyond all reasonable doubt.,0,0_abortion_abortions_fetus_pregnancy,against
4,51526,"Okay maybe I jumped a few steps ahead in my last comment but I‚Äôm going to leave it up and just add another one - cause I think it makes good points.   But let‚Äôs back up a second. You say that murder is the ‚Äúunlawful taking of a life‚Äù. You‚Äôre under the impression that in the PCer‚Äôs argument - the factor that changes between an abortion and fetal homicide is the ‚Äúlife‚Äù part. But that‚Äôs not what changes in our arguments. It‚Äôs the ‚Äúunlawful‚Äù part.   It‚Äôs not that the fetus isn‚Äôt considered to be a life in any of my arguments against government abortion bans. My arguments *grant* that it is life. My arguments are that it is/should be *lawful* taking of a life.   There are other situations where I grant that the person being killed is alive - but that I think should be considered *lawful* taking of a life. Killing in self-defense would be one such example.   So I‚Äôm not and never have tried to argue that the fetus isn‚Äôt a life. I just believe that abortion is a justified/lawful taking of a life, where as beating someone else to the point that they miscarry is not. Both involve the fetus (which was a human life) dying. But I believe one is justified on the grounds of bodily integrity, and the other is not.   We can debate my reasons for arguing on the grounds of bodily integrity - but first we have to get past this point about me treating the fetus as if it isn‚Äôt a human life in the case of abortion.",0,0_abortion_abortions_fetus_pregnancy,neutral
168,146905,"I'm willing to address this.  Imagine you're in a burning hospital. You have a chance to save an entire tray of fertilised eggs or one live, crying, terrified baby.  Which one would you choose?",0,0_abortion_abortions_fetus_pregnancy,for
80,38278,Birth especially is grievous bodily harm.,0,0_abortion_abortions_fetus_pregnancy,for
119,237275,"No. You utilize food. By putting it into your mouth from where it goes into your digestive system. The digestive system then extracts from it what cells need, add what cells need, separate the waste, and enter everything cells need into the bloodstream.  AFTER all that happened, cells then utilize the nutrients in the bloodstream.  Is pro-life really not aware enough of how human bodies keep themselves alive that they think organ systems entering stuff into the bloodstream is the same as cells drawing stuff out of the bloodstream?",0,0_abortion_abortions_fetus_pregnancy,for
74,51729,"A fair warning: there might be no way to avoid a confrontation over the ethics of her grandmother's actions. Sooner or later she'll have to face the fact that her grandma chose to take the risk of death in an attempted child murder, more than likely motivated by either desperation or selfishness, and lost against the odds. That choice cannot be taken personally as if your friend is the one who took it. She needs to recognize that she cant just be a copy of her grandmother and if that attempted abortion had such a lasting impact in the family that she projects ill feelings against abortion bans, maybe she should recognize that the fundamental issue wasn't that her grandma died, but that her decision lead to it.",0,0_abortion_abortions_fetus_pregnancy,neutral
42,66758,"The lynchpin seems to be that this chills an *enumerated right*, which abortion isn't.",0,0_abortion_abortions_fetus_pregnancy,against
81,284404,"I do agree that the natural death of a child who has not gotten the chance to experience a long full life is definitely more of a tragedy than the natural death of an person who has experienced a long and full life.   When you imply that the parents would be failing to take action to protect their children, I have a question I really want to know your response to:  From your perspective, how many miscarriages does a woman (or perhaps her mother or sister) need to have before it becomes morally inappropriate for the woman to attempt to conceive (or perhaps to have sex in general, or even just decide not to have herself sterilized)?",0,0_abortion_abortions_fetus_pregnancy,neutral
117,282741,"I've often wondered about medical necessity into the third trimester. I'm sure there are some extreme cases in which the mother is actively dying andwould not survive surgery, but couldn't we try for more c-sections or induced labors? I know a ton of preemie babies that survived against the odds (including my husband), so why not work hard to develop better NICU tech and practices to expedite Caesarian interventions for women whose health suddenly tanks from pregnancy in the 24th week or so? You know, at least try to save the baby? And mitigate the cost to the family? In pretty much every case of late-term abortion I've heard, these are wanted, named babies, and the decision to terminate is agony for the family. Are we really doing as much as we can for these situations?",0,0_abortion_abortions_fetus_pregnancy,neutral
98,115883,"I will always protect my health and body from bullies who think my body is an incubator which can be used any time they want. Fetus ""isn't causing a problem"" only for uneducated bullies, who think that ""being a victim"" means using another living human as a life support machine. No, this world does not work like that, that's why you have to make up stories about cars, jailed criminals and magical buttons killing random people, to prove your point. What society can do with my mirena coil, rip it out from my uterus? ![gif](emote|free_emotes_pack|scream) Stay away from my body. You can protect unwanted passengers only inside your own uterus.",0,0_abortion_abortions_fetus_pregnancy,for
176,21811,Or stricter anti-abortion laws.,0,0_abortion_abortions_fetus_pregnancy,neutral
57,40991,"It actually *is* pretty cool how, during the lengthy processes of labor and birth, the fetus very dramatically changes to a newborn (although there‚Äôs always a chance that, until it is actually born alive, it could be a stillbirth.)  (I‚Äôve actually given birth and witnessed a couple of other people‚Äôs births, btw‚Ä¶)  I wouldn‚Äôt say it‚Äôs ‚Äúmagical,‚Äù but the moment of birth *is* pretty damn significant.  For the newborn drawing its first breaths, to the bio mother ending labor, and anyone else close to them.  That‚Äôs probably why society has made a big deal of birthdays for a long time.   We carefully note the exact time, we engrave the date on headstones, etc.  That magical ‚Äúmoment of conception‚Äù you pro-lifers go on and on about, though?  Not so much.",0,0_abortion_abortions_fetus_pregnancy,against
178,179870," Which is why they're eliminating abortion as a right, and working on birth control next.",0,0_abortion_abortions_fetus_pregnancy,neutral
177,206169,So no proof that fetuses are babies?,0,0_abortion_abortions_fetus_pregnancy,for
99,154857,"What are your thoughts on paper abortions?  FWIW, I'm not sure where I stand on them. I get the concept is about fairness, but there's also a child with no choice in the equation so...?",0,0_abortion_abortions_fetus_pregnancy,neutral
21,176391," Where is this coming  from?   [https://www.foxnews.com/us/west-virginia-gov-jim-justice-signs-into-law-bill-restricting-abortion-after-8-weeks-for-adults](https://www.foxnews.com/us/west-virginia-gov-jim-justice-signs-into-law-bill-restricting-abortion-after-8-weeks-for-adults)  That bill also closed the only abortion clinic in the entire state.  Why do you keep posting this  stuff?  If you don't like abortion, that's fine. You have a right to your own politics and opinions.",0,0_abortion_abortions_fetus_pregnancy,against
179,212081,"You are saying your viewpoint is the middle ground, middle means it‚Äôs between two end points. Pro life argues against abortion, so what is the other end that has pro choice falling in the middle",0,0_abortion_abortions_fetus_pregnancy,neutral
126,205296,"I think that's the point?  Rejection of the Whole at the loss of the common ground. *aka* ""*Throwing the Baby out with the bathwater*"" argument.",0,0_abortion_abortions_fetus_pregnancy,neutral
66,180109,"Well, assuming what you're saying is true and not an attempt to make pregnancy appear deadly, you'd need emergency psychiatric help, maybe even an involuntary psychiatric hospitalization, not an abortion. Wanting to kill yourself is never normal, even in pregnancy.",0,0_abortion_abortions_fetus_pregnancy,against
85,156200," My reason for not allowing late term abortions is that when the fetus becomes viable, the woman now has a *new* option to back out of a pregnancy, which is to just give birth. The definition of fetus viability means that the fetus can survive outside the mother, so there‚Äôs no reason to abort. The fetus doesn‚Äôt have to use the mother‚Äôs body so she can cut off access to her body and her organs. Before viability, the the only option that women have to back out of a pregnancy is to abort. So bodily autonomy is respected in all cases. Also, remember that I said that abortion is healthcare (based on the definition of healthcare which doesn‚Äôt include whether it‚Äôs legal or not), and when the fetus becomes viable, women now have a new option to get healthcare without aborting.   If you hold that view, you have to show consistency in your view. Otherwise, what‚Äôs stopping people from conveniently applying their morals when they want to? Morals are subjective but *moral consistency* is important. In the car accident scenario, you took an action that had a risk of hurting someone else and yourself and that risk ended up occurring, but you still deserve healthcare and the government still can‚Äôt force you to donate organs or body parts in that case even if the other person would die. The pregnancy situation is *directly* analogous so the same rules should apply. If you don‚Äôt agree, then you need to present an objective argument why, not just say it‚Äôs because it‚Äôs what you personally believe. Because then I can easily just counter that I disagree because it‚Äôs my personal belief and we would never get anywhere.     When you give someone any power, there will always be someone who misuses it. Always. This doesn‚Äôt apply to just abortions. Most people use knives to cut vegetables and meat, but some psychos use it to kill innocent people. Most people use cars responsibly to get to places, but some people drive drunk or irresponsibly and end people‚Äôs lives. Most people use controlled medication responsibly, but some people will abuse those medications or give it to other people irresponsibly. The truth is that anytime you give people something, someone will misuse it, but that doesn‚Äôt mean most people will. Abortion is a difficult decision for a lot of women. I‚Äôve heard so many pro-choice women saying that they personally would never get an abortion but they can‚Äôt choose for other people. I‚Äôve heard of so many women who were literally pressured to get an abortion but still chose to keep the baby. Will some women misuse abortion and treat it like some sort of birth control? Sure, but you can‚Äôt take away something from a majority of people just because a small group of people would misuse it. Because then you would have to take away cars, planes, knives, controlled medication, hammers, guns, etc. Anything that someone could use to harm another person. Again, this is to maintain moral consistency.   Also, I just want to reiterate that bodily autonomy is important not because I say so or that it‚Äôs what I personally value. Like I said in my previous comment, you have to draw boundary on ownership when it comes to enforcing your morals. I can‚Äôt tell you what to do with what you own and you can‚Äôt do that to me. If we started doing that, no one would get anywhere, because as soon as you force someone to do something, they can force you to do something to cancel it out. The government also has to respect ownership. The reason that parents have to use their resources on kids is because they voluntarily consented to it in order to have parental rights. The reason that the government can take our tax money is that we consent to it by using federal services like roads, police, the justice system, etc. There‚Äôs a lot of things people do that I don‚Äôt think they should but I can‚Äôt control because I have no rights over them. I can‚Äôt force rich people to donate money to the poor because it‚Äôs not my money. I can‚Äôt force people not to say mean things to other people because it‚Äôs their voice and they have freedom of speech. So you‚Äôre right that people do a lot of things that other people would think they shouldn‚Äôt, but that doesn‚Äôt mean they can force them to stop.",0,0_abortion_abortions_fetus_pregnancy,against
41,252228,"You're missing the point.   The whole reason we've gotten to the point where we want the Court to protect our rights is that Congress has been too dysfunctional to do so.   The Court does not have the power to create or enforce laws. If the SC had decided in Dobbs that abortion had to be illegal across the whole country, Congress would still have the authority to override that decision by codifying the right to an abortion into law.",0,0_abortion_abortions_fetus_pregnancy,neutral
54,34741,"And how much initiative have pro-lifers taken to do that, exactly?",0,0_abortion_abortions_fetus_pregnancy,neutral
154,234472,How do you survive knowing that women are getting abortions??,0,0_abortion_abortions_fetus_pregnancy,against
185,131950,No you moron 99.99999% of pro choicers will acknowledge you can't kill a baby that's been born. That's not the argument at all lmao what's wrong with you,0,0_abortion_abortions_fetus_pregnancy,for
11,184551,"They made the term up to describe a procedure called an intact dilation and extraction. It‚Äôs a safe method of doing abortions later in pregnancy, which, as a reminder, only happens in cases of severe abnormalities. NOT because a woman went eight months and then just woke up one day and felt like getting an abortion, like they would have you believe.",0,0_abortion_abortions_fetus_pregnancy,against
112,171471,"I mean again, the GOP plan does not have nearly as many exceptions to the initial timeline ban as European countries do. Why are you ignoring this meaningful difference? Feels like you‚Äôre not arguing in good faith here.",0,0_abortion_abortions_fetus_pregnancy,neutral
170,13832,"‚ÄòWe don‚Äôt play the game of ‚Äúthis human is more valuable than this one‚Äù‚Äô  Yes, you do. You absolutely do. You seem a fetus‚Äô right to life special and more valuable than the pregnant person‚Äôs right to bodily autonomy. You seem a fetus far more valuable than the person carrying it. And why? What for?",0,0_abortion_abortions_fetus_pregnancy,neutral
93,15329,The issue is that these bans are unnecessary and cause more harm than good. There wasn‚Äôt some epidemic of late term abortions. These bans just get in the way of doctors doing their jobs and women getting the healthcare they need. Doctors risking having to go to court for performing abortions that are seemingly legal is a serious concern. These ‚Äúcommon sense‚Äù abortion bans are written with brazen disregard of the medical community and the professional opinions of doctors.,0,0_abortion_abortions_fetus_pregnancy,for
160,206972,"Around 68,000 women worldwide die from abortions, making it 13% of the leading cause of maternal morality. (https://www.ncbi.nlm.nih.gov/pmc/articles/PMC2709326/)",0,0_abortion_abortions_fetus_pregnancy,neutral
146,267759,"Oh, I understand. My question is, how do you determine if it is an elective abortion? We know they are rare already, so do we investigate every late-term abortion? My question is about practicality, not ideology.",0,0_abortion_abortions_fetus_pregnancy,neutral
34,47385,Ableism  I‚Äôm suspected autistic and knowing people will kill the unborn because they could be autistic is ableist. Disgusting.,0,0_abortion_abortions_fetus_pregnancy,neutral
148,54011,"[Idaho does have exceptions if the mother‚Äôs life is in danger.] (https://www.hollandhart.com/idaho-abortion-law-the-limited-emtala-exception)   If a woman is fully aware that she is unable to raise a child whether it be financially or emotionally, engaging in consensual intercourse is simply a foolish and uningenious thing to do. If they end up having to pay expenses and fees, it will not be due to the oh-so-scary prolife law. It will be due to the fact that they were irresponsible with what they chose to do with their bodies.  An innocent human child should not have to be slaughtered just because a woman valued casual sex over a human life.",0,0_abortion_abortions_fetus_pregnancy,against
12,109136,"  So, here's where your analogy falls apart.  You being brutally murdered isn't a direct consequence of living.  It is arguably, a secondary effect.  Meanwhile, pregnancy is a direct consequence of sex.  Similarly, to stop ""getting murdered"" the other person doesn't have to do anything.  THey just don't brutally murder you.  This is in contrast to an abortion, which is an active action that must be taken.  If no action is taken, a child you helped create now exists and needs to be taken care of.  Full stop.  A better analogy might be driving and car accidents.  If you crash into something, even by mistake, you are responsible for making things right for what you have done.  Even if you don't want to.  Similarly, if a new life comes into existence, the people involved in making that life exist are responsible for it.  Even if you didn't intend to do it.",0,0_abortion_abortions_fetus_pregnancy,for
36,135901,So they were pro-choice.  You should be too.,0,0_abortion_abortions_fetus_pregnancy,for
38,3517,Well good thing abortions are widely available in this country to help people and your opinion on the matter is completely irrelevant.  Good luck with that.  üëç,0,0_abortion_abortions_fetus_pregnancy,neutral
129,267417,"Not me.  As a fierce anti-abortion type, I am completely in favor of financial help for mothers.  I am also in favor of free tutoring services for underage mothers so they can keep up their grades while taking care of their child.  We also need to fix the foster care system so that more children can be taken care of without abuse.  And we need to lower the requirements to adopt a child.  A kid can be poor and happy at the same time.  Single parents should be allowed to adopt provided they can prove they can meet the minimum financial to pay for what a kid needs.  So I am very in favor of social programs to help mothers with raising children.  We also need to fix the child support system so that fathers can't skip out on their child support payments as easily.",0,0_abortion_abortions_fetus_pregnancy,against
166,25917,"I made the same argument awhile ago in response to a question about why some PL don‚Äôt support a rape exception. I got downvoted to oblivion, haha.   I don‚Äôt understand it either, but I think it‚Äôs important to note that like PC, the PL side isn‚Äôt a monolith. We all oppose abortion, just some more than others I guess.",0,0_abortion_abortions_fetus_pregnancy,against
123,120243,https://www.reddit.com/r/MensRights/comments/zqt4ll/protest_in_favour_of_abortion_turns_into_a/?utm_source=share&amp;utm_medium=ios_app&amp;utm_name=iossmf,0,0_abortion_abortions_fetus_pregnancy,neutral
100,107456,I believe it's not alive yet. Like your appendix isn't alive either despite being made of living tissue. And as such it should not require people to be punished with forced parenthood.   Before it becomes alive we should all have the option of choosing whether we are ready to be parents. Or whether we want to pursue medical school or whether we want to get over a drug addiction before being a parent or whether we never will be good enough to raise a human.  It's not alive yet so let's not force people into those kinds of choices as if it were a living human.,0,0_abortion_abortions_fetus_pregnancy,for
69,185589,And in what way is Abortion Healthcare?,0,0_abortion_abortions_fetus_pregnancy,neutral
20,252767,"Where does it even really happen? Abortion (where majority agree that it's extreme, but should also be legal especially early on) and yelling about a handful of trans kids (most of whom everyone agrees should be left alone, and I guess transitioning kids where a loud group insists it should be done).  I can agree it's important (I do not approve of irreversible actions without VERY good reason on minors, which includes circumcision), but it is an issue on the margins. Except abortion, where very loud minorities (legal forever vs never legal) are amplified out of all proportion primarily by the media.  And I would say it isn't even partisan media, it's the media that knows extreme views get engagement.",0,0_abortion_abortions_fetus_pregnancy,neutral
171,39452,"abortion is justifiable up to around 16-18 weeks post conception to me.  That‚Äôs why it has nothing to do with how I personally feel about abortion.  I don‚Äôt particularly care one way or another what level of proof someone else may require, I‚Äôm pointing out the complete idiocy of comparing maybe 1% of cases to the majority.",0,0_abortion_abortions_fetus_pregnancy,for
175,211262,I should have said prove a negative. If she didn't have an abortion there's no certificate of not having an abortion she can present.,0,0_abortion_abortions_fetus_pregnancy,neutral
19,222502,"The fetus is in no way a legal party, it has no personhood and no electric currents flow through its brain. It is a dead thing.  And you can't confine vulnerable people to their homes just because some people stomp their feet about making a harmless and objectively correct medical decision. It is incommensurable.",0,0_abortion_abortions_fetus_pregnancy,for
2,164466,"The problem is that ‚Äúabortion‚Äù would imply I am referring to all abortions, whereas ‚Äúconvenience abortion‚Äù is the specific subset of abortions that I am actually talking about.",0,0_abortion_abortions_fetus_pregnancy,against
190,68879," The dictionary gives you accurate descriptions of what a word means, definitions, if you think the dictionary is not a good source then look at NHS websites and other medical organisations that make reference to the age of your baby.  gestational age is still age, if you disagree with the definition take it up with oxford languages and explain why you are right and the leading source on the English language is wrong.   What makes you think that the medical institution in charge of a country would use terminology that is inaccurate, becasue it is ""cute""? Do you have any source that confirms that **the NHS** is using the term baby **because it is cute and makes people feel good?**",0,0_abortion_abortions_fetus_pregnancy,against
199,83106,"Termination of pregnancy shouldn't equal ""not progressing human life"". I wonder where the debate will go, when (and right now it's not even an ""if"" issue) artificial wombs will popularize",0,0_abortion_abortions_fetus_pregnancy,for
22,47842,"I'm sure you're the smartest and most logical person in any room you step in. May I one day be as intelligent as you.   There are plenty of pro life folks, and their opinion matters; however in the minority it is.   They are all welcome to abstain from abortions if they feel they are wrong.",0,0_abortion_abortions_fetus_pregnancy,against
125,287581,"Don‚Äôt think Locke was referring to unborn fetuses. Regardless, I think the mother should have autonomy over her body without the government‚Äôs involvement regardless of any other entity‚Äôs opinion on what‚Äôs right and wrong for her and her fetus",0,0_abortion_abortions_fetus_pregnancy,for
167,89260," But how having people being able to change their minds make a thing unethical?    You made a lot of assumptions tho. First you assumed that the trial will take such long time (the woman may say to want an abortion, clinician propose to her such experiment and then the test is conducted in the same week of her consent exactly to not prolong pregnancy for too long)    The other scenario was to kill it. Are these health issues worse than death? She can still kill it if such health complications are worse than death (making unethical to let the child live), while she can keep it alive atleast if death is worse than some health issue (making abortion more unethical than a clinical experiment). But this is besides the point.  Having the ability to change their mind and then dealing with the consequences of their decisions may not be enough to justify the ban of something. If this was the argument, then abortion also shouldn't be allowed, because similar things can happen with abortion (see the example of a fetus that was supposedly was not viable, but now survive and have its life marked by such event, or the case of a women that didn't know that her baby was sentient at that stage and for this reason decide to take to court her doctors because she it would have rethought about abortion in that case; examples¬† https://www.dailymail.co.uk/news/article-8281321/Landmark-legal-bid-force-clinics-tell-women-truth-involved-abortion.html  And https://www.google.com/amp/s/abcnews.go.com/amp/Health/MindMoodNews/michigan-woman-claims-doctor-forced-abortion-stop/story%3fid=10809114 -here the doctor may have been forced to terminate the pregnancy due to circumstances; too late for rethinking about it -)    Wait what? Who talked aboug a woman and arrest her? The whole point that we allow this experiment is exactly because we enable complete bodily autonomy to the woman (here the link with abortion) and to give the woman such option that would also benefit a lot of people. If the fetus is mess up by this or have an unhappy life because of the mother decision during pregnancy suck for him (like some other pro-choicer argued here). The will of the mother is above anything, even in circumstances of bad decision making. Its a Zef, not a person. If you donate an organ, such as a kidney, and then you want it back...it is too late to reverse the decision. It doesn't mean that we should do organ transplants and donations just because some situations like this may happen.    Good but the consequences are dictated by your consent not other, you can revoke your consent but if you did something, you did something and you should accept the consequences of that thing.   I can ask you some water and the say i don't want it anymore, but if you put a bit of water on my glass is not your fault.    Previous point. You just accept the consequences of your decisions. Other pro-choice (so far i counted 2) here argue that in both genetic engineering and such situation, if the son or daughter sue the mother for a genetic editing she/he didn't want to or a permanent damage as a result of the mother decision during pregnancy, the mother should have total legal immunity from such accusations as her will is more important. Essentially suck for them (at least some people here have argued)    It is possible for her to change her mind, it is impossible to avoid the consequence of her decision. That was my point. This under your view does not make inheretly abortion unethical. In the previous case, your applied a logic based on the potenial individual that the fetus could have be (i.e. an healthy one). If you really think about it this may be similar in some aspects to the prospective of pro-lifers since they see abortion unethical due to the potential individual that the fetus could have been.   It really depends if you think that death is worse than having some health issues or the contrary (or equal in gravity). In any case you will not came out from it clean. If keeping a fetus with health issues is worse than death, then a woman that decide to keep alive a baby with such health issues instead of kill it is committing a very unethical decision that is worse than doing an abortion. If death is worse than having some health issues, then abortion should be wrong.   That's why i argued that the debate is much more complex than many people think (people just say pro-life or pro-choice without thinking too much to the ethical implications of their opinions in a more greater picture)",0,0_abortion_abortions_fetus_pregnancy,for
