index	nodeid
aletoledo	163
lemonparty	985
stupendousman	1030
PixelMagic	1829
antidense	2685
alllie	2950
rcglinsk	3272
Publius82	3994
cultured_banana_slug	5697
tehbored	6261
Wadka	6836
Nix-7c0	7611
reconditecache	8339
BibleBeltAtheist	8704
Nessie	8793
harumph	10080
KAZVorpal	10549
WildYams	10988
Khiva	11500
darwin2500	13166
falsehood	13494
ILikeBumblebees	14413
buckX	14790
Delheru	14848
Yangoose	15575
tekende	15982
Terr_	17047
digiorno	18201
generic_name	19950
archiesteel	21508
SpinningHead	21564
duffmanhb	22375
koleye	23259
meatball402	24894
NUMBERS2357	26206
Afro_Samurai	26609
IrritableGourmet	27407
NovaDeez	27758
ciderlout	30541
AwesomeBrainPowers	33012
Saephon	33650
Razakel	33812
houinator	34212
reddit4getit	36117
thesaddestpanda	37591
kciuq1	38369
InferiousX	38754
jerfoo	40214
Cyberhwk	41291
NoGardE	43139
deadrody	44741
masterwad	44774
Arkelias	45676
tcp1	45742
grammanarchy	45865
thatoneguy54	46153
Paranoidexboyfriend	46403
bl1y	46693
Aleriya	47279
FuzzyBacon	48163
kralrick	49265
starmartyr	50032
mwatwe01	50435
Lasterba	50781
LucidMetal	51470
onthefence928	52976
IronChariots	53778
Occamslaser	54224
Crimfresh	54878
Laserblaster	54959
Tasgall	56566
roachwarren	58080
AkirIkasu	58126
bardwick	59497
Rokey76	59831
elconquistador1985	60065
Kirbyoto	60312
Sorge74	62751
agentpanda	63290
Heidegger	64745
thejynxed	65108
Bricktop72	66854
absolutedesignz	67431
mpmagi	67705
ultimis	68302
RowdyPants	70338
magictoasters	71154
gwankovera	71425
Irishish	72094
windershinwishes	72865
rhino910	74770
emperorko	75893
rroach	76942
Skandranonsg	77130
OhioTry	77133
kwanijml	77806
driver1676	78073
bashar_al_assad	78553
I_am_the_night	78812
bikingwithscissors	79119
Lambinater	79298
Liberty_Chip_Cookies	79685
Meetchel	80232
CouchRadish	82266
Beeb294	82292
namesrhardtothinkof	83617
BATHULK	84418
sagan_drinks_cosmos	84516
7daykatie	84843
brcguy	85624
scottevil110	85930
gorilla_eater	86996
TheSpanishPrisoner	88584
HandMeMyThinkingPipe	90164
Bizoza9	90364
EvilPhd666	90562
jadwy916	91216
DBDude	92787
JudgeWhoOverrules	93133
ABCosmos	93903
Futski	94494
PearlClaw	94519
BeyondElectricDreams	94619
ObeseMoreece	94727
FinickyPenance	94806
codifier	94908
Not_the_brightest	95187
lalalalalalala71	95207
Rafaeliki	97386
C0uN7rY	97677
Evinceo	98760
bushwhack227	100434
RobotFighter	102106
mindfu	102439
DumbledoresAtheist	103139
SpacedOutKarmanaut	103984
Jaque8	104487
btribble	104878
captmonkey	105141
akcheat	106357
Exodus111	106697
Vandredd	108301
Domini384	109605
kandoras	111286
username_6916	111858
working_joe	112087
AceOfSpades70	112546
Subalpine	112592
benben11d12	113090
Galle_	113580
AssassinAragorn	113732
RahvinDragand	114492
Pyre2001	114626
lannister80	114848
CreatrixAnima	116156
Trenticle	116463
mercer1775	117260
Kageyblahblahblah	117443
Quexana	118157
Nonethewiserer	118495
real-cosmopolitan	118917
geekygay	119331
TheOneFreeEngineer	119521
ninjaluvr	119666
ManBearScientist	119899
insanemetal187	120220
RamenJunkie	121471
saikron	121784
Nulono	122061
PrometheusBounding	125280
veggiesama	125736
lionmoose	126762
GingerRazz	127661
gburgwardt	128464
ghostdate	129485
saggy_potato_sack	129567
well-that-was-fast	131107
kfijatass	131160
DebentureThyme	131832
A_Night_Owl	131953
jub-jub-bird	132384
Anen-o-me	132959
Karissa36	132963
phdpeabody	132972
mattyoclock	133366
duganaok	135283
down42roads	136276
Sir_Green_Britches	137119
EllisHughTiger	137359
Dzugavili	138324
devolka	139450
permajetlag	140079
Canttakethewhyfromme	141564
jenbanim	141774
securitywyrm	141792
TheMagnuson	142141
yo2sense	144513
FireMiko	146142
BenFoldsFourLoko	146354
SolidThoriumPyroshar	147065
DavidByron2	148541
Racecarlock	152175
badluckbrians	152304
overzealous_dentist	153050
FatalTragedy	153627
SuitableDragonfly	153797
thirdegree	154383
trippedwire	156292
mightcommentsometime	156696
TheBiggestZander	157202
Agastopia	158697
phantomreader42	158993
nisaaru	159857
CaptainAwesome06	160581
Kman17	163194
Helldozer5000	163380
lightningsnail	164191
imrightandyoutknowit	164809
rndljfry	165584
HadMatter217	165855
vooffle	165936
BloodyEjaculate	166197
WIlf_Brim	167380
fleentrain89	167672
TapedeckNinja	167933
RightClickSaveWorld	168459
The_Mighty_Rex	169949
Vandechoz	171809
Tavernknight	172282
earblah	172699
ZeusThunder369	173847
bigbadbillyd	173874
pjabrony	174210
adamdreaming	174336
IVIaskerade	174441
Spirits850	174551
htiafon	175075
dittbub	175501
StrangeBedfellows	175642
xkjkls	175933
micro102	177161
cellequisaittout	177168
apophis-pegasus	177235
human_male_123	177535
Zelkiiro	177867
vankorgan	178597
sadacal	178691
nycola	179138
liberulo	179284
ZerexTheCool	179350
ufailowell	180419
isosceles_kramer	181393
DMan9797	181542
dumkopf604	181850
blewpah	181918
stewshi	182949
BraveSirZaphod	183378
s0cks_nz	183605
Wtfiwwpt	184351
DeusExMockinYa	184950
csehszlovakze	185075
kitzdeathrow	188205
poltroon_pomegranate	190543
Hoihe	191484
foot_kisser	192612
Hi-Hi	192880
SlimLovin	192994
DeeJayGeezus	194635
J2quared	195043
Morrigi_	195841
Ghraim	196774
dasredditnoob	196900
glimpee	198100
D1Foley	198224
Luph	199355
Jokerang	199922
ceddya	200790
m7samuel	200849
page_one	201078
Positron311	201372
rukqoa	202562
lifeinrednblack	202656
BarrettBuckeye	202887
captaincanada84	203528
PubliusVA	203722
DaBuddahN	205411
Docponystine	205879
Mr-Irrelevant-	206010
adisri	206298
JosephND	207819
AdmiralAkbar1	208907
the1who_ringsthebell	209049
CaptainObvious	209356
MiniatureBadger	209436
RollinDeepWithData	209947
Visco0825	214572
ImTheCapm	214848
Mattcwu	215214
destijl-atmospheres	215810
orygunmane	215958
ALargeRock	216831
chinmakes5	217044
-GregTheGreat-	217112
Anonon_990	219734
mormagils	220442
benfranklinthedevil	220613
dodgers12	221040
Moth4Moth	222443
joshdts	224493
VelveteenAmbush	225415
SocialIQof0	225861
aballofsunshine	226105
Malaix	226714
Godkun007	229796
Tyler_Zoro	232065
_Hopped_	232384
semaphore-1842	234226
HonorMyBeetus	234860
Anonymous_Redhead	235903
shamus4mwcrew	237038
imaseacow	237178
seraph85	237658
Dell_Hell	237964
Robo_Joe	239230
AndThisGuyPeedOnIt	239333
ButGravityAlwaysWins	239614
EstebanL	240894
PreacherJudge	241520
malachai926	241753
trilobot	243752
fishfoodcarl	244638
bearrosaurus	244927
Meowshi	246226
Scarlettail	247782
Zwicker101	248589
HauntedCemetery	248766
GodSPAMit	249250
Apathetic_Zealot	250091
Zoklett	251452
Triquetra4715	251571
Illier1	251686
Thorn14	251710
benadreti	251720
Verrence	252004
Matthmaroo	252942
LtLabcoat	254465
TechyDad	254684
readonlypdf	254956
PragmaticSquirrel	255721
Ls777	255807
Currymvp2	256266
JKwingsfan	256393
Scoutster13	257261
jweezy2045	258109
UWCG	258324
TheBman26	259040
robinfeud	259660
RunningNumbers	259842
Pilopheces	259915
Animal31	260959
GAV17	262054
johnnyslick	262144
megapizzapocalypse	262269
son_of_noah	262412
incendiaryblizzard	263821
SnoopySuited	266484
FreeCashFlow	266606
georgeguy007	266811
coffeespeaking	268216
AgentEv2	268359
Vektor0	268824
ognits	268984
UpsettingPornography	269187
Rodulv	270239
ArchmageIlmryn	271006
LillyPip	271425
McRattus	271452
danelectro15	271564
samus12345	271675
PocoConejito	272111
ILikeTalkingToMyself	272352
Big_Booty_Pics	272945
fwubglubbel	273132
Tobeck	273231
MC_Fap_Commander	273638
barbodelli	274538
rukh999	276900
inlinefourpower	277407
Alex15can	277929
FuckboyMessiah	280904
cstar1996	281746
Love_Shaq_Baby	281753
iamthinking2202	285677
oinklittlepiggy	289993
Poormidlifechoices	294104
Iceraptor17	295788
MaximumEffort433	296070
tasslehawf	298999
klarno	299362
Taco_Dave	300947
Sinity	301739
TheDemonicEmperor	302524
MarduRusher	303013
PCR12	304185
jjameson2000	304995
noncongruent	305280
DonyellTaylor	305666
BigCballer	307004
Sir_Tmotts_III	307251
conn_r2112	307765
Scudamore	308615
amiiboyardee	310081
Awayfone	310256
0m4ll3y	310655
Spiel_Foss	311019
OneBlueAstronaut	312439
robbysaur	312696
420weedscopes	314098
orangeeyedunicorn	315975
FastMoneyCam	316095
BodyBuildingBen	316664
bulbasauuuur	318322
BipartizanBelgrade	319844
guerisimo	320085
twiceblessedman	320553
EvanWithTheFactCheck	320563
HGpennypacker	320923
Ubersupersloth	323635
slayer991	325331
devils_toenail	328112
SuspenderEnder	328920
246011111	329062
khcampbell1	329706
tapdancingintomordor	329945
jimbo_slice829	330031
RossSpecter	330081
MrMineHeads	330430
Bobinct	331373
NH-Boondocks	331805
fastolfe00	332992
Omegawop	333256
AngryBudgie13	334551
su1ac0	334654
SonOfShem	335000
Mist_Rising	336526
lobsterharmonica1667	336840
2PacAn	337037
chiefcrunch	337333
OhNoTokyo	337424
whogivesashirtdotca	338180
ThreadbareHalo	338373
melhor_em_coreano	339379
UncleMeat11	340196
tidaltown	340766
HazelCheese	341533
evilshadowdove	343690
Agammamon	344697
disuberence	349677
HWKII	349691
SalaciousSlug	350749
PM_ME_A_PM_PLEASE_PM	352413
AJungianIdeal	353008
Cinnadillo	354035
ass_pineapples	354696
Starlord_who	356847
m1k3tv	357187
bobeeflay	357231
FlyingDutchman34	358005
muyamable	360892
Fatortu	361699
Infolife	361780
Kakamile	362122
TigerUSF	362992
ZeerVreemd	363866
IntoTheNightSky	365528
kohatsootsich	365856
Strazdas1	366124
BobcatBarry	366991
Roughneck16	367628
StevesFloatingHead	372565
BeraldGevins	372566
potatohonkey	372772
ow-pointy	373392
ArcanePariah	374069
Kajimishima2	374271
Socialdingle	375734
SirMrGnome	376254
KrimsonStorm	376559
KaliTheCat	377005
LivefromPhoenix	377025
__NapoleonBlownapart	377344
CmdrSelfEvident	377628
jimmydean885	377826
LanceBarney	377954
Puvy	378317
infydk	378341
riesenarethebest	378460
Roberto410	380925
fox-mcleod	380988
Burninglegion65	381332
Petrichordates	382271
OutragedOctopus	383938
beoweezy1	384109
ukdudeman	385134
You_Dont_Party	387320
GabuEx	389080
bazinga_0	389104
OmgYoshiPLZ	389515
spinner198	389679
FireLordObama	391801
bigbjarne	393011
doireallywannadothis	393484
Soren11112	393869
JakeElwoodDim5th	394518
LachlantehGreat	394793
Censorship_of_fools	395476
CakeAccomplice12	396329
Toxophile421	396549
zzzzzzzz414	396556
TruthOrFacts	397696
Red_Igor	397952
stonetear2017	398627
Kingofqueenanne	399534
roylennigan	400435
thiswaynotthatway	401299
This_one_taken_yet_	401800
hellakevin	402477
nobleisthyname	403353
HurdenBurden	403402
letusnottalkfalsely	403615
appolo11	403973
Hip-hop-rhino	404631
ArbutusPhD	404831
stink3rbelle	404899
writesgud	406452
Aliteralhedgehog	406701
Ioun267	406799
conventionistG	410059
HookersAreTrueLove	410715
DorisCrockford	412421
Hellioning	412438
badgersprite	413325
brokeforwoke	413820
Feathring	413839
lafigatatia	414458
SqueakyFromme69	415068
eaazzy_13	415318
Roboticus_Prime	415957
Mizzy3030	416071
halfhere	418808
Alabaster2020	419460
Gill03	419791
cutememe	419841
AmnesiacSpecies	420006
HeathersZen	420604
jeranim8	421032
classicliberty	421122
3-10	422078
TheAzureMage	422090
FlameChakram	422450
rvnender	422474
Edward_Fingerhands	424185
PM_ME_SPICY_DECKS	424711
rsta223	428113
russiabot1776	428728
california_dying	429215
From_Deep_Space	429620
PinkTrench	429958
Andre4kthegreengiant	430370
space_moron	430966
here-come-the-bombs	433294
nicethingscostmoney	433914
TranquilSeaOtter	434267
Spaffin	434384
Basedadamo	435656
jrob323	436903
GrafZeppelin127	437465
polybiastrogender	437682
Magehunter_Skassi	438931
T3hJ3hu	440014
Splinterman11	440284
skkITer	441134
CHOLO_ORACLE	442829
NeuroticKnight	443416
AnalSoapOpera	443464
InitiatePenguin	443917
keeleon	444605
Butuguru	448099
gothpunkboy89	448227
PussySmith	448877
ValhallaGo	449666
superawesomeman08	451189
PenIsMightier69	451698
Stringdaddy27	452298
PeteyWinkle	452758
nick1453	453008
Trot1995	453470
bobsagetsmaid	454029
DontRememberOldPass	456645
AlphaTangoFoxtrt	456868
Darky57	457034
immibis	457234
whiskeydoc501	458689
RFFF1996	458857
just2commenthere	459235
Randomfactoid42	459526
julian509	459791
bearclaw5	460121
JebBD	460406
SandyDelights	460845
Alittar	461901
durangotango	462789
AllegrettoVivamente	464544
CT_Phipps	464605
stewartm0205	465009
Sedu	465015
Rarvyn	465421
kel811	465471
Intelligent-donkey	466128
somethingbreadbears	466663
awdvhn	466929
3yearstraveling	467654
YarTheBug	468422
xerxesdidnothinwrong	468756
julianwolf	469546
WhoIsJohnPepe	471428
hicow	473255
GallusAA	473472
thegreenringer	474221
nauticalsandwich	475001
Sam_Fear	475305
TriscuitBob	476124
ksatriamelayu	477620
carneylansford	480051
theletterQfivetimes	480682
TenaciousVeee	481422
Beefster09	482305
P0wer0fL0ve	483712
kvossera	483930
abqguardian	485228
tuckerchiz	485331
Jravensloot	485843
groovychick	485896
Cognitive_Spoon	486556
MobiusCube	488104
malovias	488194
sharp11flat13	489787
saiboule	489822
DrakonIL	490132
SexualDeth5quad	491772
Ivan_Botsky_Trollov	492071
TheFlyingSheeps	493113
IDeferToYourWisdom	494096
PeterNguyen2	494517
AtomAndAether	494890
Manatee_Madness	494938
rabidantidentyte	497760
Sloshyman	497796
filbertsnuts	499477
RedAtomic	500523
Anon-Ymous929	500601
spartanOrk	501483
6Uncle6James6	502447
JoeChristmasUSA	503711
Daemon_Monkey	504305
huhIguess	505180
TrappedInASkinnerBox	506389
Expandexplorelive	508124
WinPeaks	508942
audiophilistine	509320
aintnochallahbackgrl	510784
theloadedquestion	511112
Sierren	511791
JGCities	513877
IRONICALLY_A_NAZI	514626
ooken	514636
crankyrhino	516986
Clacimus	517045
keep_calm_rocket_on	518792
BernankeIsGlutenFree	518910
Mewster1818	520079
golf1052	520249
sclsmdsntwrk	520784
expensivepens	521094
Your_People_Justify	522032
SaraHuckabeeSandwich	522494
tobi_with_an_i	524038
LateNightPhilosopher	524550
king_zacarias	524695
TheBirminghamBear	525434
AbsolutlelyRelative	526097
jrobertson50	527658
weeteacups	528134
Snorumobiru	528743
monteml	528761
ChadMcRad	528964
NaffRespect	529793
Fckdisaccnt	530235
DangerousLiberty	533856
polarparadoxical	535616
KamiYama777	536236
PreciousRoi	536325
howardhuge69	536401
loonygecko	536860
squaremild	536981
BellEpoch	537109
SideLinesOfCode	537163
I_am_so_lost_hello	537696
Pepperoni_Dogfart	538120
RedBaronsBrother	538513
dog_snack	538923
DrunkenBriefcases	539398
sigh2828	541078
going2leavethishere	542162
billiam0202	542169
tenmileswide	543336
ProtestantLarry	545200
SirSourPuss	545217
FFS_IsThisNameTaken2	547423
Dr_Jan_Itorr	548782
ruove	549139
negativewishingwell	549910
Cre8or_1	550297
SovietRobot	551137
wolfeman2120	551770
WildSyde96	552498
Cargobiker530	552679
artisanrox	553242
rhysticism	554122
cprenaissanceman	554664
cheezeyballz	555105
TheSavior666	555895
Enabling_Turtle	556448
BackAlleySurgeon	558130
FolkPunkPizza	559453
ElGosso	559806
PoseidonLordoftheSea	560023
human-no560	560058
JustAQuestion512	560443
slim_scsi	560766
Affectionate_Meat	561199
RabidRab	561362
Matir	561410
dudette007	561458
Bergeron83	562007
Nucleus24	562785
WolfWhoRules	562977
andstopher	563533
JetJaguar124	564063
jbphilly	564230
ApexSimon	565866
bd_one	565896
nighthawk_something	566870
HlynkaCG	567763
professorgerm	568005
IGI111	568100
Dougtoss	568494
peter-doubt	568732
KR1735	568801
Zedakah	569359
echonian	571738
laundrysauce9000	572050
nevertulsi	572157
ThePenisBetweenUs	572518
Max_smoke	572794
Cygs	572879
leblumpfisfinito	575249
gattsuru	575911
edwardlleandre	578444
dont_ban_me_bruh	578914
page0rz	579130
othelloinc	579431
ihatechoosingnames	579895
Bobby-Samsonite	580912
csasker	582393
sambull	582799
ILoveSteveBerry	583231
Head_Crash	583441
catsandcheetos	584708
Skeptical_Detroiter	584858
GBabeuf	585833
Anon_Monon	586006
HamburgerEarmuff	587080
KingoftheJabari	588100
Long_Before_Sunrise	588398
TropicalTrippin	588463
ClicksAndASmell	590327
Redditloser147	591066
Amadanb	591279
JiEToy	591570
RickySlayer9	592050
merrickgarland2016	592345
ScatMoerens	594000
SandersDelendaEst	597885
TheNerdyAnarchist	600535
jimbo_kun	600689
shaun_of_the_south	601336
Cannibal_Raven	601528
choppedfiggs	602518
cavershamox	603388
technicallynotlying	603835
TharSheBlows69	604059
DENNYCR4NE	604914
CoolFingerGunGuy	607379
uwcn244	608682
LandmassWave	608759
V-ADay2020	608877
Splendiferitastic	608922
Palmsuger	609399
HorseFightingLeague	609671
ihatemendingwalls	611457
spidersinterweb	611626
UnspecificGravity	611659
sardia1	612241
Subtleiaint	612522
bigdon802	612540
3720-To-One	614035
SgtFraggleRock	614072
TugboatEng	615226
Professional_Ninja7	615476
LazyStraightAKid	616742
zrezzif	616749
Diabegi	617625
repete2024	618512
Marty-the-monkey	618896
NemosGhost	619548
chainmailbill	621254
Black_XistenZ	621632
LuvNMuny	621957
lawofficeofbobloblaw	622174
Phrii	623510
ghostofhenryvii	623651
Illusive_Man	623799
AncientInsults	624651
TEDDYKnighty	625025
Certainly-Not-A-Bot	625740
not_a_flying_toy_	626008
freedraw	626589
moonfox1000	628816
FloodedYeti	629143
M3taBuster	631541
loufalnicek	631734
PlayingTheWrongGame	632861
Anaphylactic-UFO	632927
EvilConCarne	634579
purple112	635154
TopazWyvern	636769
J_F_Ketamine	637051
carissadraws	637892
Collypso	638312
SSCReader	640083
imextremelylonely	640351
CaptainBlish	641360
TheObservationalist	641407
KKShiz	641839
frolix42	643355
ScorpioSteve20	644061
Gagarin1961	644398
WhereWhatTea	644416
JulieCrone	644840
AlwaysTheNoob	644907
JimBeam823	646033
Samurai_gaijin	646563
zolikk	646840
Elodaine	646929
tricky_trig	646966
StolenSkittles	647010
shadstep	647255
bflet48	648182
throwawaypervyervy	649877
Carbonatite	650475
Delareh	650725
XGPfresh	650744
Chocopacotaco1	650973
radiatar	650981
godelski	651672
ADHDavid	651820
Justice_R_Dissenting	651899
tsudonimh	652101
Hymnosi	652140
snowbirdnerd	652384
JealousSprinkles	652819
george_pierre	653855
tosser512	653882
thunderma115	654169
JCMoreno05	657374
LiberalAspergers	657507
PolicyWonka	657662
Taicoi04	659208
eldomtom2	659678
nekochanwich	659875
StormTiger2304	660244
ddoyen	660741
2pacalypso	661653
FinallyDidThis212	662048
bashiralassatashakur	662320
WlmWilberforce	664125
George-SJW-Bush	664495
VenetianFox	664661
Jacobs4525	665190
theskiesthelimit55	665416
efshoemaker	666051
EffingWasps	666519
jaffakree83	667443
intboom	668636
Nux87xun	669564
Coolshirt4	669988
hapolitics	670166
proudbakunkinman	671043
R5Cats	671403
dedicated-pedestrian	671615
Slackman0000	671814
Spndash64	672032
I_am_right_giveup	672142
OfLittleToNoValue	672283
Freestyle_Fellowship	672573
vth2	672737
annonythrows	674792
Falcon_Gray	675016
completionism	675058
poops-the-name	676724
VaguelyArtistic	677078
Hot-Error	678545
sundancer2788	679106
Mike8219	679857
Tacky-Terangreal	680086
muckdog13	680664
Lerianis001	681236
The_Gurl_Among_You	681278
adeiner	681828
QuinIpsum	681972
TerraceWindsor	682351
_teach_me_your_ways_	682464
IronSmithFE	682894
weiss-2021	683598
DouglasMilnes	684712
MuphynManIV	684854
YangsLegion	685082
ergoegthatis	685547
BishopUrbanTheEnby	686000
MmePeignoir	686358
wheresthezoppity	686789
TheGoldStandard35	687025
ttystikk	687974
Evnosis	689335
Caelus9	690108
Papaofmonsters	690320
Skye_17	690337
SmallerBork	690427
Akratus2	690731
NiConcussions	690813
Dig_bickclub	691984
ProcrastinatingPuma	692251
EvidenceBasedOnly	692542
kingofglitter	694054
Lch207560	695955
RaytheonAcres	696647
NthBrick	696659
AutoManoPeeing	696764
LucidLeviathan	697288
Jrsully92	698560
starfyredragon	699591
Attackcamel8432	700023
Adaun	700054
politicallythinking	700812
Saanvik	701704
TwoDimensionalCube83	702935
Deep-Restaurant	703184
Lokito_	704131
Bonny-Mcmurray	704581
BitterFuture	705067
the_sun_flew_away	705698
Timpa87	707043
tysonmaniac	707708
Devinephilosophy	708341
lasttoknow	708424
ArrMatey42	708492
AsleepConcentrate2	708552
Spaced-Cowboy	709584
AnxietyReality	710137
identify_as_AH-64	710398
badatusernames91	710488
AuroraItsNotTheTime	712191
SanjiSasuke	712458
Torque_Bow	714089
willpower069	715228
elmekia_lance	715800
SpartanNation053	716630
IDonnu4Real	716659
brainomancer	717351
ratione_materiae	717680
Wildtalents333	717682
FourTenNineteen	718113
discourse_friendly	718176
Tai9ch	719010
baxtyre	719825
Meeplejohn	720225
Czech_Thy_Privilege	720300
Gustard-CustardSmith	720624
farrenj	721439
SekhWork	722465
changelogin	722472
Prinnyramza	722532
Edwardcoughs	722729
ssome1else	722749
_far-seeker_	724623
cumshot_josh	725176
YesICanMakeMeth	726154
tutetibiimperes	728104
GladiatorUA	728558
chanbr	728924
Monoby	729200
mbta1	729541
Willy_Fred	729909
HallucinogenicFish	731345
ndngroomer	732072
Tough_Patient	732343
Maqre	732466
CommunistElmo_-	733101
Laniekea	733398
pointsouturhypocrisy	733611
jerkyboys20	734621
Radek_Of_Boktor	737247
mustachechap	738536
shayul20	738592
bay_watch_colorado	738744
swissvine	739139
TechFiend72	739428
Libertarian4All	739958
MBAMBA3	741010
MrConceited	741295
two_eyed_man	741552
tollyno	742043
InfowarriorKat	744737
neotericnewt	744763
DJ_Pope_Trump	744955
Rasskassassmagas	745667
Kaisune	746770
fishlord05	747924
apal7	748134
CLE420	749282
SubHominem	750987
I-Am-Uncreative	751211
ditchwitchhunter	751925
NotMyBestMistake	752501
thatGUY2220	752810
Penkat12	754029
MustBeThisTall2Ride	755006
PigFarmer1	755778
ObviousTroll37	756276
i-bwanna-die	756942
Aerius-Caedem	757380
RumpeePumpee	757816
repptyle	759579
I_Tell_You_Wat	760263
ball_fondlers	761175
AlarmingAffect0	761432
FranticTyping	761819
ReadyStrategy8	761934
GoldenGames360	762094
VividTomorrow7	762236
Interrophish	762958
beefman202	764276
blocking_butterfly	764775
blackhall_or_bust	764812
capitalism93	765160
Alarmed_Restaurant	765883
FanfareForTheBrave	767267
xlbeutel	767413
nquick2	767826
A-Square	768841
EdibleRandy	769195
alex2003super	769305
catdaddy230	769310
zanna001	770534
ConcernedSimian	771544
jolsiphur	772280
beniolenio	773256
Mr_Pasghetti	773463
-Aquitaine-	774844
GosutoOkami	775355
kevplucky	775807
jojisky	776263
Qwerty00042	776320
Congregator	776646
GoldAndBlackRule	776865
Squishiimuffin	777019
JustDebbie	777745
ElephantWagon3	778109
Memengineer25	778658
Tiabb	779496
Kage_anon	779608
SeekerSpock32	779870
SirCadburyWadsworth	779899
Littleboyhugs	782598
WhoDaPenguin	783558
polyscipaul20	783614
LVL15_Spice_Paladin	783906
tsundokume	784565
Kzsarka	785793
Whatthefucksupdennys	787048
IHateConspiracists	787506
The2ndWheel	787774
freebirdls	788016
Scienceandpony	788165
keepitclassybv	788348
verymiceneme	788403
Graysect	788499
Ms1776	789393
Chrysalis420	789865
ExplorersxMuse	789943
jacw212	790250
Ladonnacinica	790767
Antifascists	790918
HotTopicRebel	791088
garxyzasfd	791778
Nick-fwan	791945
LiamMcGregor57	792180
Fuzzy_Yogurt_Bucket	792793
MoonlitHunter	793384
bunkermonster	793449
Sensate60	793710
TheRabbitTunnel	793741
Small-Echo	794794
VictoryTheCat	795184
1CEninja	795949
urmomaslag	796175
Luffydude	796243
Oleg101	796262
Sinsyxx	796580
WeFightTheLongDefeat	797515
hydroxypcp	797696
I_Never_Use_Slash_S	797727
WonderingFPE	797822
Nowarclasswar	798011
DonnieJuniorsEmails	798301
postsshortcomments	799059
Dr_Talon	799378
lejoo	801202
kylkartz21	801905
greyvagabond	802705
FortniteBad420	802912
CitizenCue	802977
fr1endk1ller	803142
Your_moms_throw_away	804318
brucebananaray	805148
TickLikesBombs	805179
Xiaodisan	806237
CooperHChurch427	807243
RadioactiveSpiderBun	808140
InclementImmigrant	808209
Mr-mysterio7	808348
subject_deleted	809257
FoulmouthedGiftHorse	809870
mojizus	809907
barthiebarth	809957
1QAte4	810332
BCA10MAN	810539
tacitdenial	810603
Modal_Window	812652
Joopsman	814501
trippingfingers	814649
mjm6018	814779
HHBlaph	814894
Andreagreco99	816168
redInTheHat	816878
oyveyanyday	817021
MGEH1988	817193
Playos	817513
HolyJellyMate	818108
burger333	818266
Asteroidhawk594	819267
Funksloyd	820625
KillerAceUSAF	820821
psychic_flatulence	820950
Its_JustAn_Alias	821389
thoughtsnquestions	821442
shitboi666999	823647
CaptainTarantula	823755
ihavespoonerism	823787
nelbar	824884
superduperm1	824885
G1ng3rb0b	825221
StillSilentMajority7	825831
h2oape	825942
Hamzasky	826189
fraxurdfuture	827054
ImDonaldDunn	828967
Dio_Brando_420	829075
_MadSuburbanDad_	830486
InternetKosmonaut	830528
Quarantine_burner	830539
COCO__THE__PUFF	830631
Imgeorgie	830676
WatermelonWarlock	830679
123mop	830830
The_Lost_Jedi	831120
sloopslarp	831202
T3nt4c135	831655
Dr_Mub	832113
productiveaccount1	832683
AlariusOfBrell	833039
DarthDonutwizard	834015
CN_Minus	834044
YouCanCallMeVanZant	834439
ThePoliticalFurry	834569
Meihuajiancai	834573
A_Glimmer_of_Hope	834998
Quetzalbroatlus	835296
JeffsD90	835629
SeoSalt	835919
Yousoggyyojimbo	835980
sailor-jackn	836041
Grandpa_No	836194
liquidTERMINATOR	836680
runslikewind	836874
hdkeegan	837138
Shmorrior	837307
itsfairadvantage	837620
2020blowsdik	838035
jinladen040	838090
Zzamumo	838178
timothybaus	838773
imrealwitch	839456
Imdabreast	839628
Ash_Divine	840855
Josephus_A_Miller	841600
luchajefe	841700
DrAstralis	842163
dingdongdickaroo	842807
dont_tread_on_meeee	843745
Rockdrums11	844130
meister2983	844206
bottleboy8	844654
disisathrowaway	844935
Miguel-odon	845239
BenAric91	845671
shawn_anom	846122
Asphodelmercenary	849363
Eorel	849376
Sinujutsu	851235
Harpsiccord	851332
naliedel	851811
Vegasman20002	852508
Hungnat	852612
uleekunkel	853112
xavier120	853733
Immortal-one	853796
HillbillySwank	854858
Top_Lime1820	854964
Pesco-	855475
HuntersBeard	856016
Grogosh	856241
yeahright1977	856287
Agnk1765342	857491
gunnerbird77	857596
RelaxedApathy	858088
PaulWilliams_rapekit	858349
catfurcoat	859920
Da1UHideFrom	860866
andyman1994	861245
for_against	861338
markstormweather	862286
ohheyd	862548
LetsGetRowdyRowdy	863055
SpaceSheperd	863812
Nukeboy1970	863978
micarst	864292
Leaning_right	864766
lTentacleMonsterl	865265
thaddeusthefattie	865299
95DarkFireII	865450
DARKSOULS103	865534
Frikgeek	866447
1500minus12	867121
Rickyretardo42069	868364
ElderDark	868461
FeedMeYourGoodies	868714
Shinnic	868823
Persianx6	869092
Putin_blows_goats	869197
Adventurous_Whale	869231
GeneralMe21	870346
GrandpaWaluigi	871908
NotAHungarian12	872692
CommissionCharacter8	872710
Sonlite	873013
theSearch4Truth	873761
BillySonWilliams	873814
choryradwick	874384
lucassjrp2000	874736
gothlaw	875520
IcedAndCorrected	875886
jediben001	876151
Snoo95984	876395
DyingRaceAltAccount	876735
ac_scotty	876830
ApatheticWithoutTheA	876945
estoyloca43	878624
whycantweebefriendz	880886
bukakenagasaki	884181
breakinbread	884429
AbusiveTubesock	885624
infamusforever223	887788
fcfrequired	890398
6969minus420420	891250
AgreeablePie	893750
TheJazzManCan	894434
ExtraToastyCheezits	894518
getmendoza99	895578
BrewCityBenjamin	896421
Saul-Funyun	896517
b4dhabits	896827
Available-Internal25	897056
Pretty_Good_At_IRL	897531
TheHandsomestMatt	898247
UtridRagnarson	899237
kateinoly	900130
lemonbottles_89	900413
anarchysquid	901073
EpicTerry	901130
Pechy_Raptor	901848
Pixelpeoplewarrior	902390
itsGarthToYou	902645
WingJeezy	902951
LocalPopPunkBoi	903323
thelittlestsheep	903595
MrGeekman	903808
TheMagicJankster	905022
LaLiLuLeLo_0	905526
thinkingpains	905874
CPAeconLogic	906310
SubtotalStar850	906352
chupocabra	906492
TheDJarbiter	907310
HoppeanLibRight	908042
Fit-Order-9468	908180
Icy-Photograph6108	908334
BAC2Think	909005
BecomeABenefit	909855
Poorly-Drawn-Beagle	911051
BigDrewLittle	911130
AuAndre	911216
Mrs__Noodle	911403
toastedclown	911548
-AmberSweet-	911729
DarkSoulCarlos	912124
poridgepants	912816
stixyBW	913169
kmgmind	913272
user_uno	913363
MaxwellHillbilly	913669
Mrbubbleswantsmilk	914377
Jamity4Life	914818
axioanarchist	914934
DueAttitude8	915072
thanwa3427	915357
fm22fnam	915541
OffreingsForThee	915836
bravestorm2	917236
the_colorful_lights	917784
dracer800	919126
bignut123	919274
throwaway3569387340	920942
Many_Tax_2860	921199
missingpupper	921400
Desperate_Net5759	921570
Xpker4lyfe7	924269
bananafobe	924811
Revolutionary-Swim28	925313
Kindly_Blackberry967	925652
Stubacco	926204
pocket-friends	926506
Rebel_Scum_This	926510
Monguises	927938
Parkwaydrive777	928452
KnowledgeAndFaith	928681
canufeelthebleech	928741
Andras89	929761
ColinHome	930674
JeanStealers	931306
YouWantToKnowWhoIAm	931632
AnalogCyborg	931750
iHeartHockey31	931791
AmosLaRue	932479
Wolf_Fang1414	932657
fauxgt4	932907
nfinitejester	932937
FecalOrgy	933040
PrometheusHasFallen	933786
ItHappenedToday1_6	934339
Tango-Actual90	935731
Katzchen12	936221
SeymoreButz38	936222
MintIceCreamPlease	936549
VultureSausage	936947
DataCassette	937083
TheDarkMythos	937245
MaxStupidity	937424
SuddenlyRavenous	939044
ZhouSeiBeets	939156
Kumquat_conniption	940416
Imperator_Romulus476	940888
16bitrifle	941058
Birdboy42O	941421
kgberton	941499
SuperRedpillmill	941674
riseofthenothing	941997
nicolao_merlao	942290
czarnicholasthethird	942942
verasev	943998
MensaCurmudgeon	944063
PennDOT67	944775
TheCronster	945007
Anih1list	945048
droolingalarmist	945273
seanhg12	945431
Alexz565	945483
_____grr___argh_____	946102
Paw5624	946134
Steel-and-Wood	946800
TheStabbyBrit	947054
Mostlydrunk75	947582
CABRALFAN27	947901
Fugicara	948386
TwoSetAnime	948625
Difrntthoughtpatrn	948967
Liberal_Antipopulist	949065
CutEmOff666	949299
redline380	950087
Crusader63	950197
PlinyToTrajan	950890
GameAndHike	951107
mattmu23	951530
throwaway12313223123	952196
Big_Estate7101	952330
fishing_6377	952419
acehuff	952471
randthr0	952521
Acacias2001	953980
Dont_Ban_Me_Bros	954091
SmurfTheClown	954311
CumGaucho	955276
amoryamory	955347
Subli-minal	955769
jazzgrackle	957882
Prikkasaurus_Rex	958749
BeavTek	960416
sudo_rm_rf_star	960611
skawn	960662
Tewts70	961845
GaryHart2024	962530
InfernityZarroc	963315
ThomasLipnip	963808
NoThanks2020butthole	964436
thymeandchange	965318
Non-Newtonian-Snake	965834
quiteshitactually	966482
johnnyringo1985	966823
StrangleDoot	967068
ElizaThornberry4	967698
memes_are_facts	967925
GATESOFOSIRIS	969245
PhoenixVoid	970809
KnightRadiant95	971128
waltsing0	971224
HTownLaserShow	971388
wiki-1000	971389
WindChimesAreCool	971611
PoorThymeManagement	972253
Mickenfox	972375
MrBexy	973187
MagaMind2000	973230
N0_B1g_De4l	973490
Electr1cL3m0n	973627
BibleButterSandwich	973674
Klassenhass	974666
janxus	974914
AboveBadBelowAverage	975155
Overgrown_fetus1305	975182
Angryasfk	975442
OzzieRabbitt	976065
sishopinion	976489
OpeningChipmunk1700	976587
SocMedPariah	976657
Comprehensive_Ad204	976988
Mister_Lich	977125
Remarkable-Ad5344	977390
DM_ME_YOUR_HUSBANDO	977838
RaidBrimnes	978069
senpai_stanhope	978127
Tzozfg	978506
MightyMoosePoop	978564
perverse_panda	978983
SpicySlavic	979242
birdiedancing	979966
FrostyFiction98	980256
theun4given3	980261
laojac	980613
katzvus	980735
WhichAd1957	980902
EarlyWormGetsTheWorm	981022
Bill-Ender-Belichick	981067
Claudius_Gothicus	981310
AntiqueMeringue8993	981839
Whistlegrapes	981866
KT_Evolved365	982959
unskippable-ad	983501
bluepillarmy	983884
freedumb_rings	984132
_regionrat	984208
ytilonhdbfgvds	984412
thundercoc101	985158
phildiop	985430
Ckyuiii	985567
CheeseBurger_Jesus	986183
seanslaysean	986610
darkmattergirl	987982
kainedbutable1987	988212
Beddingtonsquire	989023
Ericrobertson1978	989861
GuessMotor	989903
K-Ziggy	989926
kmsc84	990290
CantEv3rbeSt0pp3d	990384
shive_of_bread	990420
TheJun1107	990862
YouUsedMeAgain	991244
understand_world	991636
nubbbei_king	992212
cholo_chameleon	992221
Fabulous-Ad6844	992372
Tegroni	992779
wasinwill	993161
TiredOfYoSheeit	993285
Bacio83	993412
Roxsyboi	994593
joey_yamamoto	994620
Healthy_Yesterday_84	994656
vince-aut-morire207	995370
Orwellian__Nightmare	995796
woopdedoodah	995861
Infamous_Turn60	995897
Haroldbkny	996258
girouxc	996503
Giblette101	996675
NwbieGD	997948
enzoperezatajando	997980
RustlessRodney	997986
Sleep_eeSheep	998373
Odd_Profession_2902	998484
OrangeStansMad	999064
stoneymightknow	999270
netstack_	999332
jayandbobfoo123	999706
Midi_to_Minuit	1000123
BrownieIsTrash	1000199
breezer_z	1000522
Franklin_le_Tanklin	1001160
Feisty-Replacement-5	1001420
DosTristesTigres	1001452
LiveFreeDieRepeat	1001883
doomshroompatent	1002206
Potato-with-guns	1002987
Mrchizbiz	1003317
Pabu85	1003628
Kazthespooky	1004162
fyrylpot	1004198
Kepler-20C	1004423
boluroru	1004829
CapybaraPacaErmine	1005970
Zalagan	1006382
Lord-Jihi	1006495
joaoasousa	1006727
j3278	1006843
GingerRod	1006941
ChadWolf98	1007236
InevitableMuch507	1007671
Soldier-Fields	1007680
tactaq	1007933
Asleep_Ad9318	1007983
No_Foot_1904	1008463
TheNorthC	1009021
Sumoashe	1009318
EvilHomerSimpson	1009495
StMoneyx2	1009781
ASquawkingTurtle	1010076
AmHoomon	1010201
PoopyCockDooDoo	1010428
Holy_Chupacabra	1010812
FurballPoS	1010909
KingKulak	1011214
AuggieKC	1011646
Tiktaalik414	1011867
EliasRiveraReal	1011872
Knee3000	1012027
Harvard_Sucks	1012197
Hydroxyacetylene	1013022
DJ_LMD	1013129
Ashamed-Engine7988	1013295
fordette	1013626
Primary-Tomorrow4134	1013811
BigBod2020	1013859
TheYuriBezmenov	1014609
TriggurWarning	1014837
WalbrechtBayern	1015261
Mnmkd	1015297
shutuprebeltrooper09	1016526
ObiFloppin	1017116
CatZilla124	1017193
Whole-Elephant-7216	1017617
Calamity__Bane	1018227
dudeind-town	1018242
Right__not__wrong	1018423
Beneficial_Squash-96	1018626
TheBigOily_Sea_Snake	1018856
HalfAssedStillFast	1018908
CyberObjectivist	1018988
chedebarna	1019321
Bacongristle12	1019378
oldeenglishdry12345	1019544
slider5876	1021525
Obvious_Parsley3238	1021755
BonkHits4Jesus	1021919
maszturbalint321	1022151
FirefighterFast6492	1022287
MasterFicus	1022871
Ptcruz	1023118
Imaginary_Cow_6379	1023173
Imprison_Rick_Scot	1023399
bakedtran	1023533
nzasangA	1023632
Pitiful-Helicopter71	1023783
Thegoodbadandtheugly	1024024
Accomplished_Rip_352	1024416
Karl_Havoc2U	1025102
MasterOfLords1	1025200
Late_Way_8810	1025239
corpuscavernosa	1025341
hitman2218	1026068
nate11s	1026246
JimmyjamesI	1026567
CryptoScoundrel	1026580
irl_jim_clyburn	1027940
ResoluteClover	1028305
EmperorCareBear420	1028313
Buffmin	1028368
Faal_Zoor_Kriid	1028525
frosteeze	1028615
Literally_Not_Needed	1029247
shinobi7	1029260
FlowComprehensive390	1029278
Trick-Requirement370	1029531
TheSpacePopinjay	1029576
intersexy911	1029697
Intelligent_Trash395	1029979
TigerCat9	1029996
randomcanyon	1030076
_PINE_CONE_	1030260
CountRobbo	1030825
Thadlust	1030999
Novel-Jackfruit-369	1031058
analognewb	1031270
DankCrusaderMemer	1031387
hatchway	1032264
RedeemedWeeb	1032525
Shindy1999	1032591
MrOstricc	1032595
ignatztempotypo	1032928
Yop_BombNA	1033007
IndustryStrengthCum	1033227
IronAndFlame	1033608
danmathew	1033671
cryptofarmer08	1033945
Mattyboy0066	1034129
Accomplished-Sky1723	1034408
Its-a-Warwilf	1034777
OriginalUsername1737	1035342
HoChiMinhDingDong	1035848
Diehard_Determinist	1035996
sugarlessdeathbear	1036550
xXxThe-ComedianxXx	1036558
Former-Drink209	1036878
CyberMindGrrl	1037585
No-Bewt	1037635
KarmasAB123	1037650
PartialToDairyThings	1037707
JFMV763	1037905
Myname1sntCool	1038863
Impressive_Toe_8900	1039009
HentaiSchlongRipper	1039076
Big_Daddy_Trucknutz	1039464
Gimel333	1039592
thisisnowstupid	1039758
DeerInTheHerbGarden	1039990
DoesNotReply_	1040323
WhispersFromTheMound	1040355
tired_fanfic_reader	1040699
1890s-babe	1040806
Real-Trip-6408	1040854
oiyboi__	1041034
Commercial-Set3527	1041437
BlackSheepWall_93	1041442
random638373629	1041807
AweDaw76	1041864
hoping_for_better	1042393
clockwerkdevil	1042995
kwamby	1043849
nickeljorn	1043939
Pirate_Frank	1045666
Awkward_Log7498	1046654
bjdevar25	1046968
Car-Altruistic	1047318
GubeRubenstein	1047399
Independent_Mail	1047507
RubiconRon	1047523
Umongus	1048679
Ryan_Alving	1048807
informat7	1049147
_learned_foot_	1049570
Longjumping-Funny-81	1050495
Educational-Candy-26	1051165
IAmKrenn	1051431
nobunf	1051525
Kpb9769	1051824
spacefarce1301	1051887
Sero_Nys	1052000
MS-07B-3	1052309
awxdvrgyn	1052654
smelly-roommate	1052873
idungiveboutnothing	1053055
Shame_On_Matt	1053220
tonyis	1053360
LetMeSleepNoEleven	1054182
DoorVonHammerthong	1054357
alt_spaceghoti	1054517
draka28	1055082
Ok-Agent-8333	1055804
AthkoreLost	1055821
Squirrel_Chucks	1057123
ReadinII	1057697
Lowkey_Retarded	1057778
Lib_Korra	1058176
thottXperiment	1058536
LeveeOhSaw	1059170
Stanley--Nickels	1059530
last-account_banned	1059604
ELNP1234	1060080
return_to_tradition	1060262
MutinyIPO	1060339
FatalPogostick	1060496
PugnansFidicen	1060602
implicitpharmakoi	1061145
JeromemeReplies	1061718
RugTumpington	1062177
Cheap_Coffee	1063002
youmomecksdee	1063620
2late2bsaved	1063693
ecchi83	1063821
Highlighter_Memes	1063861
greenspotj	1063884
Pregnant_Silence	1063935
SirRichardHumblecock	1064472
SHODANs_insect	1064860
LibertyJ10	1064923
thirstyfist	1065428
JustSomeGuy2008	1065527
CalvinCoolidg3	1065574
Wheel_of_Logic	1065596
BathoryRocker	1065972
Puzzleface62	1065991
GreenAndSilver4133	1066303
MarcusSidoniusFalx	1066606
_scat	1066611
Fun-Outcome8122	1066770
Electronic-Base-1397	1066953
DaenerysMomODragons	1067058
Whole_Collection4386	1067474
Emiya_1	1067844
TheBlueHerron1	1068066
Tristan401	1068180
Royal-Masterpiece-82	1068605
flankermigrafale	1069639
Crutial_thought	1069653
CPCippyCup	1069823
AsleepGarden219	1069899
Skellwhisperer	1070137
DeepDream1984	1071133
kroush104	1071919
UncleTedSays	1071988
SemperInvicta19	1072619
CookieCutterCultist	1072672
Legi0ndary	1072772
Smith_Winston_6079	1072973
beeberweeber	1073347
eskeleteRt	1073451
bendiman24	1073494
Cougardoodle	1073542
Plantmanofplants	1073565
BigFuckingCringe	1073601
Weekly-End-2897	1073812
thexsunshine	1073924
Ruin-sage	1074012
pickles55	1074315
backtorealite	1074577
TackleOk3608	1074656
Whiskey_Fiasco	1074801
XcXBOX360	1074985
LordEsidisi	1075424
R-a-n-i-a	1075575
SeasonPositive6771	1075899
Admiral--X--	1076242
Wiseguypolitics	1076331
Risu9	1076388
DroideBlitz	1076499
FortBlocks	1076936
Yesica-Haircut	1077168
Planta_Staball	1077188
Prata_69	1077236
Weirdyxxy	1077257
ZeRo76Liberty	1077381
Gordon__Slamsay	1077547
JuliaTheInsaneKid	1077853
ThinkIveHadEnough	1078136
backwardsphinx	1078439
SpeSalviFactiSumus	1078505
Immediate-Assist-598	1078785
Trajanus87	1078945
Chalupa-Supreme	1079090
Lucky-Price-3366	1079239
NonDairyYandere	1079254
bonerwithlegs	1079800
Creative-Leading7167	1080155
joshtradamus	1080268
AFishNamedFreddie	1080535
Dangerous--D	1080618
spicy__southpaw	1080655
sodaforyoda	1081432
heehee63	1081596
idiotbusyfor40sec	1081636
Vorpa-Glavo	1082194
alanairwaves	1082208
MyDucksAreCute	1082609
Forbiddentru	1083010
beeredditor	1083549
UncomfortablyNumb43	1083755
Waryofextremes	1083789
mutantredoctopus	1083968
No-Independence-165	1083993
AggravatingType1853	1084557
ape_with_typewriter	1084606
Carlyz37	1084759
onecrystalcave	1085302
AgoraphobicAgorist	1085777
Tricky_Emphasis9383	1086569
jamico-toralen	1086976
GrayMatters50	1088634
Iturial	1088829
WoodenPicklePoo	1088987
kandras123	1089589
BuildBackBagram	1089610
ReverseHoneypot	1089779
SlowSecurity9673	1089890
JUMPsuperstar	1090344
Fellow_Infidel	1090658
Senior-Illustrator68	1091131
jerseygunz	1091148
quillmartin88	1091431
trufin2038	1091466
Estrald	1091634
fuckpoliticsbruh	1091685
-Canuck21	1092128
abstractConceptName	1092202
sexwithmilfs666	1092407
Cranwicks_glasses	1092409
Momodoespolitics	1092430
manliness-dot-space	1092642
Mephisto1822	1092663
bisou13	1093445
Zeus-Kyurem	1093985
oboshoe	1094112
Deadlypandaghost	1094162
MaybePotatoes	1094205
FLIPNUTZz	1095243
BeautifulFix3607	1095282
Eldergod74	1095425
Communist_Orb	1095741
ChocolateBunnyButt	1096140
Butterflychunks	1096590
Relevant_Buy8837	1096648
PotatoCrusade	1096690
tinderthrow817	1097230
voidmusik	1097375
Sandy-Anne	1097549
MilkToastLizzardMan	1097795
TheCouncil0fRicks	1098031
FruityMango2226	1098117
rusho2nd	1098228
Pvt_Parts86	1098276
Flying-ape-dog	1098730
Ok_Inevitable_9461	1099159
Wooden_Worldliness_8	1099673
titaniumtux7	1099711
crypticbaboon	1099825
Bi_Aint_Shi	1099828
a-a-ron1776	1099955
Agitated-Employee189	1099958
Lucky_The_Protoboi	1100040
Hazmat616	1100355
FiveHourMarathon	1100363
grimprinby	1100499
TannaTuva2	1100550
jeremyjenkinz	1100672
bolrog_d2	1100688
lktn62	1100783
100DaysOfSodom	1100888
TintedApostle	1101160
notausername86	1101322
ClassicYear5380	1101335
Attack-Cat-	1101408
discoinfffferno	1101613
Tad_Reborn113	1101756
OkVariety6275	1101946
SpiritedRazzmatazz92	1102096
StringAdventurous479	1102175
NicoJameson	1102327
Ryster1998	1103174
Entire-Dragonfly859	1103251
SuddenHarshTruth	1103342
numba1cyberwarrior	1103486
Chronic_Sardonic	1103796
mat_cauthon2021	1104805
Baconwillsetyoufree	1104930
randymagnum433	1105007
Nic4379	1105283
gatorback_prince	1105418
xcy9	1105526
GreenBeans1999	1105629
CapitalString	1105812
I-Pop-Bubbles	1105923
Snipermann02	1106166
DoctorInteresting80	1106309
Glittering-Hold3400	1106712
helmepll	1107005
siuuuwemama	1107025
sponsoredcommenter	1107098
Kritzin	1107366
SRAQuanticoChapter	1107418
Shoddy-Working3110	1107809
hyperion_88	1107920
gabio7	1108018
Kingtucanphlab	1108245
redditjoe24	1108347
Yara_Flor	1108468
fuckImao	1108982
HVAR_Spam	1109006
Yom_HaMephorash	1109106
MC_Master_Chief	1109219
Visual_Internet_7614	1109258
schmoowoo	1109303
ChickenNuggts	1109306
steve-eldridge	1109335
Life-Ad1409	1109647
Candy_Store_Pauper	1109830
Fit_Equivalent3610	1110080
american-monarchist2	1110385
anonymous_gam	1110386
Known-Barber114	1110691
falcobird14	1110800
MortgageSome	1111048
xXCisWhiteSniperXx	1111232
Quinnieyzloviqche	1111267
clucklife69420	1111290
Toxic_Boxit	1111509
KesterFox	1111631
ImperialSaber	1112049
Femoral_Busboy	1112454
Stoiphan	1112499
ZhaoLuen	1112558
Iliketotinker99	1112627
6bb26ec559294f7f	1112795
OneInternational984	1113124
tru_potentl45	1113727
batescommamaster	1114162
42lines	1114216
chrisinor	1114451
Intelligent-Term	1114960
CmdntFrncsHghs	1115260
Yumalumnus	1115265
EggLord2000	1115781
LibrightWeeb941	1115885
Loud-Direction-7011	1116292
Mechanical_Jaguar	1116317
Emel_69420	1116808
averagetrainenjoyer	1117207
Nervous_Statement322	1117661
MAGAwolverine69	1117719
Ayn_Rand_Bin_Laden	1117844
4rekti	1118134
SilentMark1138	1118414
nld01	1118435
wurzelbruh	1118663
realbarcalounger	1118718
tossed-off-snark	1118758
adamcourtneyae	1119037
Spec1alistInFailure	1119106
TheButtholeSurferz	1119133
KingKong_at_PingPong	1119233
JumpinFlackSmash	1119282
Nintendevotion	1119591
Opening_Success	1119612
Fairroute	1119670
hubetronic	1120287
Complex-Glass-8539	1120317
Task-force69-lobster	1120357
enlightenedcentr1st	1120401
Severe-Stock-2409	1120842
kindergentlervc	1120847
DamnDemsMadeMeRed	1120963
SpazzyButDeadly1	1121246
BE34515	1121339
BiryaniEater10	1121460
Impossible-Lecture86	1121629
Fattywompus_	1121632
youropinionsaredumb	1121912
Coconutcabbie	1122139
NuclearTheology	1122208
DEADMANJOSHUA	1122489
nutflation	1122548
LiterallyTrudeau	1122582
SpecialistDuty4286	1122606
robertojh119	1122729
HairTop23	1122750
Long-Rate-445	1123022
AvgHotdishEnjoyer	1123160
Moose_Hooves	1123164
IHuntSmallKids	1123463
MyManSteveBuscemi	1123603
potatorichard	1124112
ashem2	1124188
No_Witness6742	1124663
ChineseBotAccount	1124964
lilchooblez	1125040
Babybeans619	1125223
Gaspipe87	1125432
Huellenthousiast	1125568
tipforyourlandlord	1125812
DemonInTheDark666	1125852
Version-Prestigious	1126109
wflemng	1126120
Orangeface_64	1126337
Key-Stay-3	1126677
seriousofficialname	1126729
YesIDoBlowCops	1126785
deathmetalandblood	1126834
HitTheGymFatty	1126854
Inevitable_wealth87	1127033
GlavisBlade	1127241
TheHiveminder	1127334
koopolil	1127521
JuanCN1998	1128027
Dirtface30	1128287
cannaspiracy	1128372
theniceguy2003	1128617
which-roosevelt	1128862
Tank9301	1128884
RegHater76	1129112
The_Ides_of_Hades	1129289
Ok_Paramedic5096	1129833
Thedonjavon	1130105
secretxxxaccount	1130167
Casade7777	1130222
ActuarialOutrage	1130438
PatrioticTacoTruck	1130614
WarMorn1ng	1130727
weareherefornothing	1130735
thomas_baes	1130757
Humble_Square_5669	1130783
BeantownBoots	1130998
Hot_Take_Dispenser	1131007
AltDogBarkBarkBark	1131279
dmhWarrior	1131531
GravyBear10	1131545
ENSRLaren	1131572
ProfessionalWonder65	1131709
LordOttan	1131923
satrialesgabagool	1131930
ManaiaLalo	1132076
Yakima42	1132268
HaveCorg_WillCrusade	1132377
TomCruiseFan420	1132448
BaboonHorrorshow	1132474
Sandshrew922	1132495
librarysocialism	1132559
dadgoals	1132594
EnderLordSupreme	1132755
Y-DEZ	1132906
shoesofwandering	1133072
Green_Juggernaut1428	1133107
Brave_Airport_	1133350
JinFuu	1133433
Brass_Nova	1133534
GBJI	1133563
Enjoymead	1133600
Political_Weebery	1133722
trail-212	1133994
HuntersOnCrack35	1134202
EldritchAule05	1134263
apollotigerwolf	1134559
Apprehensive-Hat-494	1134565
Sufficient-Ad3499	1134877
Yossarian_the_Jumper	1134910
ArmchairNailBiter	1134966
Potheadconservative1	1135110
DesignerProfile	1135131
DucklettPower	1135249
54_savoy	1135289
statsnerd99	1135351
1squint	1135392
neoconservative-1138	1135475
ReasonableBullfrog79	1135501
Brilliant-Parking359	1135550
NervousLeopard6500	1135567
Total_Candidate_552	1135762
4jY6NcQ8vk	1135769
hiim379	1135844
Glittering_Falcon_93	1135863
tiger_woods_is_goat	1136008
jumpinjackieflash	1136021
ApexTitanKong	1136080
Commie-Lyncher	1136176
Udolikecake	1136251
FictionIII	1136413
Trashman56	1136543
Rulerofuranus	1136611
skirlznik	1136674
septiclizardkid	1136678
Squirting_Bussy	1136706
Goawaycookie	1136960
Credenzia	1137032
ShextMe	1137190
rockchalk201569	1137199
cdat94	1137294
ripvanwinkle1911	1137377
ezvean	1137428
EmbarrassingPapaya	1137430
TrajanOptimusMaximus	1137455
Phirebat82	1137557
PsychologicalEnd4262	1137570
StillNoFriendss	1137581
DesertParty	1137617
WaveBeautiful9225	1137626
Apocthicc	1137699
HexagonOfVirtue	1137789
CallOfRedditNSFW	1137808
SameOldiesSong	1137876
AirinAField	1137907
CletusVonIvermectin	1137978
Darth_Jones_	1138078
plumpilicious22	1138196
Dapper_Ad5409	1138356
Dances_On_Graves	1138417
HarleyQuinn610	1138435
Relevant_Bar_2592	1138488
zenon_kar	1138535
LivinInLogisticsHell	1138563
Flaky-Bonus-7079	1138576
poopenfartenss	1138615
Apophis_Thanatos	1138641
nadinetw	1138646
DontBeASnowflakeLibs	1138662
Jay_Derkin	1138820
Nervous_Constant_642	1138943
bobloblaw634	1139144
RavenCo_	1139373
PotatoPlisken	1139418
qtnl	1139565
Sensitive-Yoghurt842	1139725
DeletingAfterMOASS	1139841
DissDue	1140218
lsoeith	1140296
johnhtman	1140392
Based_and_Pilled	1140701
twelve_azalea	1140720
Decent-Passion-5821	1140928
handsoffmyunderwear	1141018
Warm_Examination_765	1141058
AuthCentDegenerate2	1141089
samtbkrhtx	1141100
Recent-Opening-117	1141320
Free-vbucks	1141357
nemocluecrj	1141482
AbbyShapiroCockVore	1141770
HFreyer	1141772
Aryash_Bajaj	1141831
PomeroyWatson	1141900
OffBeat66	1141998
LeCorax	1142062
TheGayestRetard69	1142118
WSB_Czar	1142123
BurrowForPresident	1142312
AmbitiousCurler	1142422
NobleGasTax	1142489
fartsdontmatter	1142563
BabyJesus246	1142585
Creepy_Helicopter223	1142730
mandokisoulmates	1142760
Yemm	1142761
PepsiMangoMmm	1142827
Ferengsten	1142886
citera	1143023
HardToConcentrate_	1143050
SV7-2100	1143065
Cluutch45	1143112
Few-Recognition6881	1143177
Agile_Disk_5059	1143559
gymgirl2018	1143578
delight-n-angers	1143846
Slow_Emergency6034	1143967
Trypt2k	1144110
SockdolagerIdea	1144132
FakeElectionMaker	1144211
Eastern_Mist	1144236
GeauxAllDay	1144240
JanetYellensFuckboy_	1144375
vymajoris2	1144466
TreeFifeMikeE7	1144539
cheesecake__enjoyer	1144604
Bigsausagegentleman	1144719
WeeklyChurros	1144873
pinetreesgreen	1145149
Fun_Breaker	1145516
aa-milan	1145595
Imtoostupidformyface	1145603
shaolinL	1145877
fishtech07	1146105
Slippery_Jim_	1146127
stregagorgona	1146221
IntelligentProgram74	1146230
Mission_Ad6235	1146251
FemmeAustisticTribe	1146365
thereddestofmoons	1146496
cr7fan89	1146583
DrStephenStrangeMD_	1146668
Tamevanture	1146722
Ragabadoodaa	1146742
The9thElement	1146847
Bouncy-Barracuda	1146877
AA-33	1146897
Electrical_Pizza5724	1146997
GreatWhiteStalion	1146998
PreviousCurrentThing	1147083
nohwhatnow	1147158
Bulky-Engineering471	1147333
Lonely_Set1376	1147343
debzmonkey	1147556
All_Will_Be_Night	1147574
YouSaidSomethingLol	1147696
The_Affle_House	1147801
curiosityandtruth	1147937
hamiltondfgh	1148105
FaZe_RynJin	1148106
CactiRabbit	1148162
Somnamballistical	1148255
CrazyDingdongFrog	1148343
Lampdarker	1148435
Lovelyterry	1148465
Win-Fragrant	1148535
PM_ME_UR_LEGGIES	1148654
Visible-Effective944	1148876
Fun_Independent_8280	1148993
happyness423	1148994
Final_Exit92	1149265
Creme_de_la_Coochie	1149277
questionable_figure	1149310
DontSmokeindoors	1149354
Cock-Tyrant	1149429
Iam35stopasking	1149448
ApocalypticShadowbxn	1149493
Mathiadonn	1149742
Prestigious_Plum_451	1149814
transgurcu	1149916
Script-Everything	1149918
Apprehensive-Act-315	1150033
cross_shitter	1150135
Emithenarc	1150521
ReturningDukky	1150594
NeanaOption	1150624
cowinkurro	1150643
IntroductionLost5110	1150746
l337chicken	1150761
MadLad-AnthonyWayne	1150830
Omnihertz	1150876
jmendoza69	1151007
Palmsosweaty	1151060
QuotedSomething	1151113
IAmEscalator	1151226
The_Antifederalist	1151244
Impressive_Still_862	1151324
photo-raptor2024	1151375
Orpzie	1151382
grdshtr78	1151429
greeardby	1151512
SquishCollector	1151814
Commercial-Town-210	1151829
Do_not_censor_me	1151855
zetsubousugi	1152146
Bukook	1152193
MansNotWayTooHot	1152382
ClassicHerpies	1152404
mongo125	1152405
the-F-is-for-FAP	1152513
Gold-Tailor-2303	1152543
master-shake69	1152592
RatDontPanic	1152765
Dependent_Yesterday9	1152844
ivy_starnes	1152966
CSGOSucksMajorDick	1153360
fuckoff3029	1153400
Admirable_Ad1947	1153786
Azurtanium-22	1153794
AstronutApe	1153822
Smallios	1153852
TatumIsThatGuy	1154014
PeanutButterTaco2018	1154051
999others	1154094
IAintTooBasedToBeg	1154109
Tasty_Flame_Alchemy	1154381
Says_Dumb_Malarkey	1154625
Spaghetti-Evan1991	1154672
Novel_Amoeba7007	1154801
Fast_Garlic_5639	1154825
steampunkMechElves	1154829
RedRommel	1154891
FnAardvark	1154993
smeblorp	1155001
DasDaza	1155088
KiteBright	1155261
ChewOffMyPest	1155266
Test19s	1155425
Hell_On_Feet	1155481
A-Blind-Seer	1155549
Warm-Marsupial9085	1155567
PM_ME_FLUFFY_DOGS	1155572
No_Top_381	1155762
StDiogenes	1155788
PrideAssassinTnT	1155917
Different_Shallot158	1155923
ElTigre101	1155934
Enemy_of_Life	1155992
SquishWindow	1156206
PrincipledStarfish	1156248
lost420x	1156286
Ar15tothedome	1156455
ajshsheuwka	1156577
Annie-Kia	1156628
Unknown_starnger	1156640
AngelCityStudio	1156808
Ghost-of-Schmitt	1156827
ReasonableAstartes	1156951
Ugo_Flickerman	1156970
orcabelluga	1156998
greenmay100	1157004
Unexpected_Commissar	1157254
RedditHatesMe75	1157404
PlatinumSchlondPoofa	1157453
Swhapty	1157496
Ok_Yogurtcloset8915	1157499
GalacticFederation6	1157743
Gushinggrannies4u	1157844
crapulentduck	1157870
Sallowjoe	1157888
flyingcarpet2022	1158023
chochokito	1158113
Tarkins_Love_Child	1158200
Rough_Spirit4528	1158259
peaceful-domination	1158421
ElysianHigh	1158437
DustBunnyZoo	1158495
AltruismIsnt	1158507
Troy242426	1158612
PassengerFrosty9467	1158670
geht2dachoppa	1158718
casualAlarmist	1158768
CitroRum	1158773
PsychologicalRock580	1158851
ChaoticSpirit	1158937
Main_Atmosphere_950	1158987
adarafaelbarbas	1159120
OK446278	1159148
Elegant_Leader196	1159193
madonnamanpower	1159213
Trash_Patrol	1159218
BobKazamakisifyouwil	1159266
Ferbuggity	1159430
Electrical-Tooth-274	1159470
cosmicnitwit	1159520
-_Duke_-_-	1159547
realgoldenonion	1159706
No_Climate5093	1159830
Malllllllkovich	1159840
ziggurter	1159857
Karasu243	1159901
SHOWMEYOURBUSHGIRL	1160006
AntiCelCel2	1160014
NauticalJ1985	1160041
SailTheMarSea	1160088
Rhys_Primo	1160094
Trainer45y	1160257
SummerBloom6	1160280
GutsNumberOneFan	1160321
AchtzehnVonSchwefel	1160496
RedditsOwnJester	1160525
rredratshirt	1160533
sh1nes	1160835
Affectionate-Ask175	1160877
automatic_doors	1160922
msplantasia	1160936
Apric0tPuzzled	1160992
000142857	1161083
Johnnyboy_42	1161182
ImNotARapist_	1161226
ComplexityArtifice	1161275
Travoltage	1161306
Ready_Vegetables	1161322
TheHappyAtheist-	1161355
FrontCover6765	1161389
apprenticeasskicker	1161417
kidneychocosnacks	1161428
Can-Funny	1161561
Shamboozless	1161673
WrongBase4732	1161765
Perseus3507	1161953
OwlHandPuppet	1162006
weepingstatues	1162053
gotdatdripp	1162308
DPUGT3	1162341
CatGatherer	1162345
RelationshipNo4366	1162372
Smorgasborf	1162412
Crash_Overrrride420	1162599
applockm85	1162685
ToadOnPCP	1162783
putssy	1163062
eroto_anarchist	1163184
Tha_Glitchy_Monsta	1163220
Real_Entrepreneur_69	1163326
steiner_math	1163514
Calidraxinos	1163604
jzilla1207	1163745
ResponsibleBunOwner	1163753
Able-Victory2038	1163873
xXC0NQU33FT4D0RXx	1163923
poiuytrewq0987678	1164012
Greasy_Tony	1164020
Tax-Evasion-Man	1164069
HadesPanda666	1164073
Fidel_Blastro	1164087
Substantial-Ball-911	1164163
Ryno23-81	1164196
antigonemerlin	1164221
BBQchipFART	1164361
SirDolman	1164756
Funtimes856	1164850
SnoopySniffsGlue	1164909
intestinewinegum	1164934
GalacticLabyrinth88	1164954
KimmestOfChis	1165023
WealthyMarmot	1165387
Rotothero	1165475
whens-lunch	1165478
bartokmybeloved	1165593
reservoircats444	1165891
Miggmy	1165943
SeleniumElectron	1165951
NotAfraid2Talk	1166293
Antisocial_Worker7	1166326
wookiehunter1976	1166403
tee__dee	1166437
mit-kamm	1166554
dakev2	1166573
APAG-	1166641
BingoWhitefish	1166667
throwawaySBN	1166764
12650	1166869
BillsFan82	1166894
burnitupbuttercup	1167010
Zess-57	1167122
HerschelWalkersKid	1167267
Lord_Waffle_Daddy89	1167412
biased_Owl	1167490
Norvegiss	1167919
WatermelonCocaine	1167999
ConnolyEdinburgh	1168002
questciv	1168042
alexx-fae	1168251
ix-tab-666	1168490
RangersFanAngel2022	1168579
EverBeenInaChopper	1168587
polygamizing	1168714
noredemption25	1168779
Big-Figure-8184	1168892
acrazypsychnurse	1169246
enoughfuckingexcuses	1169263
WhichRoosevelt	1169271
i_am_a_lemono	1169346
PersonalityLivid3215	1169376
Fragrant-Antelope-15	1169381
Em_Wils	1169397
slapmanutsup	1169403
SquarePie3646	1169530
Zeig_101	1169695
TJisbetterthanMyles	1169925
DPUGT4	1169957
